,Unnamed: 0,photo_id,category
797,797,training_new\Bread\816.jpg,Bread
724,724,training_new\Bread\750.jpg,Bread
474,474,training_new\Bread\525.jpg,Bread
315,315,training_new\Bread\382.jpg,Bread
554,554,training_new\Bread\598.jpg,Bread
389,389,training_new\Bread\449.jpg,Bread
944,944,training_new\Bread\949.jpg,Bread
288,288,training_new\Bread\358.jpg,Bread
893,893,training_new\Bread\902.jpg,Bread
59,59,training_new\Bread\151.jpg,Bread
192,192,training_new\Bread\271.jpg,Bread
88,88,training_new\Bread\178.jpg,Bread
576,576,training_new\Bread\617.jpg,Bread
278,278,training_new\Bread\349.jpg,Bread
328,328,training_new\Bread\394.jpg,Bread
834,834,training_new\Bread\85.jpg,Bread
452,452,training_new\Bread\505.jpg,Bread
102,102,training_new\Bread\190.jpg,Bread
345,345,training_new\Bread\409.jpg,Bread
436,436,training_new\Bread\491.jpg,Bread
493,493,training_new\Bread\542.jpg,Bread
795,795,training_new\Bread\814.jpg,Bread
676,676,training_new\Bread\707.jpg,Bread
960,960,training_new\Bread\963.jpg,Bread
171,171,training_new\Bread\252.jpg,Bread
621,621,training_new\Bread\658.jpg,Bread
842,842,training_new\Bread\857.jpg,Bread
444,444,training_new\Bread\499.jpg,Bread
880,880,training_new\Bread\891.jpg,Bread
41,41,training_new\Bread\135.jpg,Bread
583,583,training_new\Bread\623.jpg,Bread
695,695,training_new\Bread\724.jpg,Bread
274,274,training_new\Bread\345.jpg,Bread
819,819,training_new\Bread\836.jpg,Bread
571,571,training_new\Bread\612.jpg,Bread
660,660,training_new\Bread\693.jpg,Bread
540,540,training_new\Bread\585.jpg,Bread
900,900,training_new\Bread\909.jpg,Bread
939,939,training_new\Bread\944.jpg,Bread
219,219,training_new\Bread\296.jpg,Bread
928,928,training_new\Bread\934.jpg,Bread
986,986,training_new\Bread\987.jpg,Bread
757,757,training_new\Bread\780.jpg,Bread
197,197,training_new\Bread\276.jpg,Bread
465,465,training_new\Bread\517.jpg,Bread
721,721,training_new\Bread\748.jpg,Bread
260,260,training_new\Bread\332.jpg,Bread
166,166,training_new\Bread\248.jpg,Bread
566,566,training_new\Bread\608.jpg,Bread
528,528,training_new\Bread\574.jpg,Bread
709,709,training_new\Bread\737.jpg,Bread
630,630,training_new\Bread\666.jpg,Bread
16,16,training_new\Bread\112.jpg,Bread
404,404,training_new\Bread\462.jpg,Bread
557,557,training_new\Bread\60.jpg,Bread
225,225,training_new\Bread\300.jpg,Bread
838,838,training_new\Bread\853.jpg,Bread
491,491,training_new\Bread\540.jpg,Bread
415,415,training_new\Bread\472.jpg,Bread
250,250,training_new\Bread\323.jpg,Bread
846,846,training_new\Bread\860.jpg,Bread
339,339,training_new\Bread\403.jpg,Bread
760,760,training_new\Bread\783.jpg,Bread
870,870,training_new\Bread\882.jpg,Bread
364,364,training_new\Bread\426.jpg,Bread
858,858,training_new\Bread\871.jpg,Bread
209,209,training_new\Bread\287.jpg,Bread
713,713,training_new\Bread\740.jpg,Bread
694,694,training_new\Bread\723.jpg,Bread
585,585,training_new\Bread\625.jpg,Bread
132,132,training_new\Bread\217.jpg,Bread
227,227,training_new\Bread\302.jpg,Bread
198,198,training_new\Bread\277.jpg,Bread
213,213,training_new\Bread\290.jpg,Bread
624,624,training_new\Bread\660.jpg,Bread
471,471,training_new\Bread\522.jpg,Bread
925,925,training_new\Bread\931.jpg,Bread
570,570,training_new\Bread\611.jpg,Bread
390,390,training_new\Bread\45.jpg,Bread
853,853,training_new\Bread\867.jpg,Bread
687,687,training_new\Bread\717.jpg,Bread
172,172,training_new\Bread\253.jpg,Bread
421,421,training_new\Bread\478.jpg,Bread
450,450,training_new\Bread\503.jpg,Bread
19,19,training_new\Bread\115.jpg,Bread
589,589,training_new\Bread\629.jpg,Bread
36,36,training_new\Bread\130.jpg,Bread
602,602,training_new\Bread\640.jpg,Bread
135,135,training_new\Bread\22.jpg,Bread
266,266,training_new\Bread\338.jpg,Bread
489,489,training_new\Bread\539.jpg,Bread
539,539,training_new\Bread\584.jpg,Bread
39,39,training_new\Bread\133.jpg,Bread
326,326,training_new\Bread\392.jpg,Bread
291,291,training_new\Bread\360.jpg,Bread
363,363,training_new\Bread\425.jpg,Bread
286,286,training_new\Bread\356.jpg,Bread
282,282,training_new\Bread\352.jpg,Bread
158,158,training_new\Bread\240.jpg,Bread
552,552,training_new\Bread\596.jpg,Bread
947,947,training_new\Bread\951.jpg,Bread
538,538,training_new\Bread\583.jpg,Bread
534,534,training_new\Bread\58.jpg,Bread
124,124,training_new\Bread\21.jpg,Bread
374,374,training_new\Bread\435.jpg,Bread
934,934,training_new\Bread\94.jpg,Bread
426,426,training_new\Bread\482.jpg,Bread
103,103,training_new\Bread\191.jpg,Bread
361,361,training_new\Bread\423.jpg,Bread
547,547,training_new\Bread\591.jpg,Bread
118,118,training_new\Bread\204.jpg,Bread
49,49,training_new\Bread\142.jpg,Bread
716,716,training_new\Bread\743.jpg,Bread
562,562,training_new\Bread\604.jpg,Bread
506,506,training_new\Bread\554.jpg,Bread
157,157,training_new\Bread\24.jpg,Bread
246,246,training_new\Bread\32.jpg,Bread
177,177,training_new\Bread\258.jpg,Bread
358,358,training_new\Bread\420.jpg,Bread
970,970,training_new\Bread\972.jpg,Bread
851,851,training_new\Bread\865.jpg,Bread
119,119,training_new\Bread\205.jpg,Bread
746,746,training_new\Bread\770.jpg,Bread
755,755,training_new\Bread\779.jpg,Bread
688,688,training_new\Bread\718.jpg,Bread
915,915,training_new\Bread\922.jpg,Bread
190,190,training_new\Bread\27.jpg,Bread
704,704,training_new\Bread\732.jpg,Bread
926,926,training_new\Bread\932.jpg,Bread
988,988,training_new\Bread\989.jpg,Bread
26,26,training_new\Bread\121.jpg,Bread
51,51,training_new\Bread\144.jpg,Bread
835,835,training_new\Bread\850.jpg,Bread
941,941,training_new\Bread\946.jpg,Bread
680,680,training_new\Bread\710.jpg,Bread
327,327,training_new\Bread\393.jpg,Bread
752,752,training_new\Bread\776.jpg,Bread
20,20,training_new\Bread\116.jpg,Bread
234,234,training_new\Bread\309.jpg,Bread
292,292,training_new\Bread\361.jpg,Bread
952,952,training_new\Bread\956.jpg,Bread
820,820,training_new\Bread\837.jpg,Bread
488,488,training_new\Bread\538.jpg,Bread
690,690,training_new\Bread\72.jpg,Bread
606,606,training_new\Bread\644.jpg,Bread
105,105,training_new\Bread\193.jpg,Bread
210,210,training_new\Bread\288.jpg,Bread
968,968,training_new\Bread\970.jpg,Bread
265,265,training_new\Bread\337.jpg,Bread
258,258,training_new\Bread\330.jpg,Bread
1055,1055,training_new\Dairy product\153.jpg,Dairy product
1288,1288,training_new\Dairy product\363.jpg,Dairy product
1225,1225,training_new\Dairy product\306.jpg,Dairy product
1106,1106,training_new\Dairy product\2.jpg,Dairy product
1186,1186,training_new\Dairy product\271.jpg,Dairy product
1220,1220,training_new\Dairy product\301.jpg,Dairy product
1070,1070,training_new\Dairy product\167.jpg,Dairy product
1238,1238,training_new\Dairy product\318.jpg,Dairy product
1271,1271,training_new\Dairy product\348.jpg,Dairy product
1043,1043,training_new\Dairy product\142.jpg,Dairy product
1390,1390,training_new\Dairy product\7.jpg,Dairy product
1172,1172,training_new\Dairy product\259.jpg,Dairy product
1176,1176,training_new\Dairy product\262.jpg,Dairy product
1141,1141,training_new\Dairy product\230.jpg,Dairy product
1323,1323,training_new\Dairy product\395.jpg,Dairy product
1317,1317,training_new\Dairy product\39.jpg,Dairy product
1025,1025,training_new\Dairy product\126.jpg,Dairy product
1259,1259,training_new\Dairy product\337.jpg,Dairy product
1035,1035,training_new\Dairy product\135.jpg,Dairy product
1068,1068,training_new\Dairy product\165.jpg,Dairy product
1127,1127,training_new\Dairy product\218.jpg,Dairy product
1222,1222,training_new\Dairy product\303.jpg,Dairy product
1061,1061,training_new\Dairy product\159.jpg,Dairy product
1139,1139,training_new\Dairy product\229.jpg,Dairy product
1286,1286,training_new\Dairy product\361.jpg,Dairy product
1370,1370,training_new\Dairy product\51.jpg,Dairy product
1212,1212,training_new\Dairy product\295.jpg,Dairy product
1038,1038,training_new\Dairy product\138.jpg,Dairy product
1274,1274,training_new\Dairy product\350.jpg,Dairy product
1136,1136,training_new\Dairy product\226.jpg,Dairy product
999,999,training_new\Dairy product\102.jpg,Dairy product
1062,1062,training_new\Dairy product\16.jpg,Dairy product
1406,1406,training_new\Dairy product\84.jpg,Dairy product
1209,1209,training_new\Dairy product\292.jpg,Dairy product
1201,1201,training_new\Dairy product\285.jpg,Dairy product
1262,1262,training_new\Dairy product\34.jpg,Dairy product
1265,1265,training_new\Dairy product\342.jpg,Dairy product
1421,1421,training_new\Dairy product\98.jpg,Dairy product
1329,1329,training_new\Dairy product\40.jpg,Dairy product
1003,1003,training_new\Dairy product\106.jpg,Dairy product
1362,1362,training_new\Dairy product\44.jpg,Dairy product
1011,1011,training_new\Dairy product\113.jpg,Dairy product
1045,1045,training_new\Dairy product\144.jpg,Dairy product
1291,1291,training_new\Dairy product\366.jpg,Dairy product
1264,1264,training_new\Dairy product\341.jpg,Dairy product
1155,1155,training_new\Dairy product\243.jpg,Dairy product
1175,1175,training_new\Dairy product\261.jpg,Dairy product
1009,1009,training_new\Dairy product\111.jpg,Dairy product
1170,1170,training_new\Dairy product\257.jpg,Dairy product
1034,1034,training_new\Dairy product\134.jpg,Dairy product
1365,1365,training_new\Dairy product\47.jpg,Dairy product
1386,1386,training_new\Dairy product\66.jpg,Dairy product
1297,1297,training_new\Dairy product\371.jpg,Dairy product
1353,1353,training_new\Dairy product\421.jpg,Dairy product
1296,1296,training_new\Dairy product\370.jpg,Dairy product
1207,1207,training_new\Dairy product\290.jpg,Dairy product
1374,1374,training_new\Dairy product\55.jpg,Dairy product
1255,1255,training_new\Dairy product\333.jpg,Dairy product
1385,1385,training_new\Dairy product\65.jpg,Dairy product
1161,1161,training_new\Dairy product\249.jpg,Dairy product
1158,1158,training_new\Dairy product\246.jpg,Dairy product
1088,1088,training_new\Dairy product\183.jpg,Dairy product
1051,1051,training_new\Dairy product\15.jpg,Dairy product
1165,1165,training_new\Dairy product\252.jpg,Dairy product
1315,1315,training_new\Dairy product\388.jpg,Dairy product
1396,1396,training_new\Dairy product\75.jpg,Dairy product
1393,1393,training_new\Dairy product\72.jpg,Dairy product
1242,1242,training_new\Dairy product\321.jpg,Dairy product
1119,1119,training_new\Dairy product\210.jpg,Dairy product
1287,1287,training_new\Dairy product\362.jpg,Dairy product
1000,1000,training_new\Dairy product\103.jpg,Dairy product
1281,1281,training_new\Dairy product\357.jpg,Dairy product
1075,1075,training_new\Dairy product\171.jpg,Dairy product
1173,1173,training_new\Dairy product\26.jpg,Dairy product
1140,1140,training_new\Dairy product\23.jpg,Dairy product
1008,1008,training_new\Dairy product\110.jpg,Dairy product
1093,1093,training_new\Dairy product\188.jpg,Dairy product
1314,1314,training_new\Dairy product\387.jpg,Dairy product
1348,1348,training_new\Dairy product\417.jpg,Dairy product
994,994,training_new\Dairy product\0.jpg,Dairy product
1205,1205,training_new\Dairy product\289.jpg,Dairy product
1221,1221,training_new\Dairy product\302.jpg,Dairy product
1266,1266,training_new\Dairy product\343.jpg,Dairy product
1234,1234,training_new\Dairy product\314.jpg,Dairy product
1064,1064,training_new\Dairy product\161.jpg,Dairy product
1067,1067,training_new\Dairy product\164.jpg,Dairy product
1367,1367,training_new\Dairy product\49.jpg,Dairy product
1273,1273,training_new\Dairy product\35.jpg,Dairy product
1383,1383,training_new\Dairy product\63.jpg,Dairy product
1267,1267,training_new\Dairy product\344.jpg,Dairy product
1321,1321,training_new\Dairy product\393.jpg,Dairy product
1103,1103,training_new\Dairy product\197.jpg,Dairy product
1280,1280,training_new\Dairy product\356.jpg,Dairy product
1029,1029,training_new\Dairy product\13.jpg,Dairy product
1039,1039,training_new\Dairy product\139.jpg,Dairy product
1032,1032,training_new\Dairy product\132.jpg,Dairy product
1295,1295,training_new\Dairy product\37.jpg,Dairy product
1277,1277,training_new\Dairy product\353.jpg,Dairy product
1364,1364,training_new\Dairy product\46.jpg,Dairy product
1028,1028,training_new\Dairy product\129.jpg,Dairy product
1256,1256,training_new\Dairy product\334.jpg,Dairy product
1332,1332,training_new\Dairy product\402.jpg,Dairy product
1059,1059,training_new\Dairy product\157.jpg,Dairy product
1218,1218,training_new\Dairy product\30.jpg,Dairy product
1229,1229,training_new\Dairy product\31.jpg,Dairy product
1015,1015,training_new\Dairy product\117.jpg,Dairy product
1149,1149,training_new\Dairy product\238.jpg,Dairy product
1101,1101,training_new\Dairy product\195.jpg,Dairy product
1418,1418,training_new\Dairy product\95.jpg,Dairy product
1224,1224,training_new\Dairy product\305.jpg,Dairy product
1110,1110,training_new\Dairy product\202.jpg,Dairy product
1090,1090,training_new\Dairy product\185.jpg,Dairy product
1382,1382,training_new\Dairy product\62.jpg,Dairy product
1272,1272,training_new\Dairy product\349.jpg,Dairy product
1349,1349,training_new\Dairy product\418.jpg,Dairy product
1302,1302,training_new\Dairy product\376.jpg,Dairy product
1306,1306,training_new\Dairy product\38.jpg,Dairy product
1049,1049,training_new\Dairy product\148.jpg,Dairy product
1290,1290,training_new\Dairy product\365.jpg,Dairy product
1096,1096,training_new\Dairy product\190.jpg,Dairy product
1339,1339,training_new\Dairy product\409.jpg,Dairy product
1072,1072,training_new\Dairy product\169.jpg,Dairy product
1152,1152,training_new\Dairy product\240.jpg,Dairy product
1188,1188,training_new\Dairy product\273.jpg,Dairy product
997,997,training_new\Dairy product\100.jpg,Dairy product
1407,1407,training_new\Dairy product\85.jpg,Dairy product
1132,1132,training_new\Dairy product\222.jpg,Dairy product
1181,1181,training_new\Dairy product\267.jpg,Dairy product
1033,1033,training_new\Dairy product\133.jpg,Dairy product
1120,1120,training_new\Dairy product\211.jpg,Dairy product
1063,1063,training_new\Dairy product\160.jpg,Dairy product
1091,1091,training_new\Dairy product\186.jpg,Dairy product
1334,1334,training_new\Dairy product\404.jpg,Dairy product
1307,1307,training_new\Dairy product\380.jpg,Dairy product
1178,1178,training_new\Dairy product\264.jpg,Dairy product
1130,1130,training_new\Dairy product\220.jpg,Dairy product
1079,1079,training_new\Dairy product\175.jpg,Dairy product
1167,1167,training_new\Dairy product\254.jpg,Dairy product
1354,1354,training_new\Dairy product\422.jpg,Dairy product
1236,1236,training_new\Dairy product\316.jpg,Dairy product
1360,1360,training_new\Dairy product\428.jpg,Dairy product
1168,1168,training_new\Dairy product\255.jpg,Dairy product
1420,1420,training_new\Dairy product\97.jpg,Dairy product
1018,1018,training_new\Dairy product\12.jpg,Dairy product
1097,1097,training_new\Dairy product\191.jpg,Dairy product
1177,1177,training_new\Dairy product\263.jpg,Dairy product
1275,1275,training_new\Dairy product\351.jpg,Dairy product
1182,1182,training_new\Dairy product\268.jpg,Dairy product
1381,1381,training_new\Dairy product\61.jpg,Dairy product
1190,1190,training_new\Dairy product\275.jpg,Dairy product
2056,2056,training_new\Dessert\218.jpg,Dessert
1601,1601,training_new\Dessert\1158.jpg,Dessert
2793,2793,training_new\Dessert\882.jpg,Dessert
2353,2353,training_new\Dessert\486.jpg,Dessert
1994,1994,training_new\Dessert\162.jpg,Dessert
2809,2809,training_new\Dessert\897.jpg,Dessert
2045,2045,training_new\Dessert\208.jpg,Dessert
2051,2051,training_new\Dessert\213.jpg,Dessert
2537,2537,training_new\Dessert\651.jpg,Dessert
2096,2096,training_new\Dessert\254.jpg,Dessert
2549,2549,training_new\Dessert\662.jpg,Dessert
2040,2040,training_new\Dessert\203.jpg,Dessert
2176,2176,training_new\Dessert\326.jpg,Dessert
1845,1845,training_new\Dessert\1378.jpg,Dessert
2317,2317,training_new\Dessert\453.jpg,Dessert
1865,1865,training_new\Dessert\1396.jpg,Dessert
1707,1707,training_new\Dessert\1253.jpg,Dessert
2128,2128,training_new\Dessert\283.jpg,Dessert
2135,2135,training_new\Dessert\29.jpg,Dessert
2275,2275,training_new\Dessert\415.jpg,Dessert
2918,2918,training_new\Dessert\995.jpg,Dessert
1692,1692,training_new\Dessert\124.jpg,Dessert
2433,2433,training_new\Dessert\558.jpg,Dessert
1447,1447,training_new\Dessert\1019.jpg,Dessert
1633,1633,training_new\Dessert\1187.jpg,Dessert
2710,2710,training_new\Dessert\807.jpg,Dessert
2089,2089,training_new\Dessert\248.jpg,Dessert
1780,1780,training_new\Dessert\1319.jpg,Dessert
1463,1463,training_new\Dessert\1033.jpg,Dessert
2729,2729,training_new\Dessert\824.jpg,Dessert
2900,2900,training_new\Dessert\979.jpg,Dessert
2021,2021,training_new\Dessert\187.jpg,Dessert
1631,1631,training_new\Dessert\1185.jpg,Dessert
2815,2815,training_new\Dessert\901.jpg,Dessert
2532,2532,training_new\Dessert\647.jpg,Dessert
2490,2490,training_new\Dessert\609.jpg,Dessert
2126,2126,training_new\Dessert\281.jpg,Dessert
1755,1755,training_new\Dessert\1297.jpg,Dessert
2029,2029,training_new\Dessert\194.jpg,Dessert
1596,1596,training_new\Dessert\1153.jpg,Dessert
2206,2206,training_new\Dessert\353.jpg,Dessert
1862,1862,training_new\Dessert\1393.jpg,Dessert
2122,2122,training_new\Dessert\278.jpg,Dessert
1678,1678,training_new\Dessert\1227.jpg,Dessert
2155,2155,training_new\Dessert\307.jpg,Dessert
2371,2371,training_new\Dessert\501.jpg,Dessert
2852,2852,training_new\Dessert\935.jpg,Dessert
1870,1870,training_new\Dessert\140.jpg,Dessert
2654,2654,training_new\Dessert\757.jpg,Dessert
1531,1531,training_new\Dessert\1095.jpg,Dessert
1673,1673,training_new\Dessert\1222.jpg,Dessert
2329,2329,training_new\Dessert\464.jpg,Dessert
2426,2426,training_new\Dessert\551.jpg,Dessert
2837,2837,training_new\Dessert\921.jpg,Dessert
2336,2336,training_new\Dessert\470.jpg,Dessert
2378,2378,training_new\Dessert\508.jpg,Dessert
2100,2100,training_new\Dessert\258.jpg,Dessert
2787,2787,training_new\Dessert\877.jpg,Dessert
2904,2904,training_new\Dessert\982.jpg,Dessert
2402,2402,training_new\Dessert\53.jpg,Dessert
2121,2121,training_new\Dessert\277.jpg,Dessert
1954,1954,training_new\Dessert\1476.jpg,Dessert
2055,2055,training_new\Dessert\217.jpg,Dessert
1712,1712,training_new\Dessert\1258.jpg,Dessert
1446,1446,training_new\Dessert\1018.jpg,Dessert
1535,1535,training_new\Dessert\1099.jpg,Dessert
2718,2718,training_new\Dessert\814.jpg,Dessert
1708,1708,training_new\Dessert\1254.jpg,Dessert
1944,1944,training_new\Dessert\1467.jpg,Dessert
1807,1807,training_new\Dessert\1343.jpg,Dessert
1526,1526,training_new\Dessert\1090.jpg,Dessert
1649,1649,training_new\Dessert\1200.jpg,Dessert
2519,2519,training_new\Dessert\635.jpg,Dessert
2702,2702,training_new\Dessert\80.jpg,Dessert
1914,1914,training_new\Dessert\144.jpg,Dessert
1503,1503,training_new\Dessert\107.jpg,Dessert
1867,1867,training_new\Dessert\1398.jpg,Dessert
2277,2277,training_new\Dessert\417.jpg,Dessert
1790,1790,training_new\Dessert\1328.jpg,Dessert
2116,2116,training_new\Dessert\272.jpg,Dessert
1571,1571,training_new\Dessert\1130.jpg,Dessert
2139,2139,training_new\Dessert\293.jpg,Dessert
2145,2145,training_new\Dessert\299.jpg,Dessert
2531,2531,training_new\Dessert\646.jpg,Dessert
2737,2737,training_new\Dessert\831.jpg,Dessert
2898,2898,training_new\Dessert\977.jpg,Dessert
2083,2083,training_new\Dessert\242.jpg,Dessert
1919,1919,training_new\Dessert\1444.jpg,Dessert
1569,1569,training_new\Dessert\1129.jpg,Dessert
1892,1892,training_new\Dessert\142.jpg,Dessert
2461,2461,training_new\Dessert\583.jpg,Dessert
2186,2186,training_new\Dessert\335.jpg,Dessert
2067,2067,training_new\Dessert\228.jpg,Dessert
2321,2321,training_new\Dessert\457.jpg,Dessert
2733,2733,training_new\Dessert\828.jpg,Dessert
2677,2677,training_new\Dessert\778.jpg,Dessert
1515,1515,training_new\Dessert\1080.jpg,Dessert
2271,2271,training_new\Dessert\411.jpg,Dessert
2469,2469,training_new\Dessert\590.jpg,Dessert
2533,2533,training_new\Dessert\648.jpg,Dessert
1457,1457,training_new\Dessert\1028.jpg,Dessert
1702,1702,training_new\Dessert\1249.jpg,Dessert
1663,1663,training_new\Dessert\1213.jpg,Dessert
2635,2635,training_new\Dessert\74.jpg,Dessert
1918,1918,training_new\Dessert\1443.jpg,Dessert
1536,1536,training_new\Dessert\11.jpg,Dessert
1834,1834,training_new\Dessert\1368.jpg,Dessert
2689,2689,training_new\Dessert\789.jpg,Dessert
2647,2647,training_new\Dessert\750.jpg,Dessert
2428,2428,training_new\Dessert\553.jpg,Dessert
1927,1927,training_new\Dessert\1451.jpg,Dessert
2459,2459,training_new\Dessert\581.jpg,Dessert
2738,2738,training_new\Dessert\832.jpg,Dessert
1648,1648,training_new\Dessert\120.jpg,Dessert
1451,1451,training_new\Dessert\1022.jpg,Dessert
2858,2858,training_new\Dessert\940.jpg,Dessert
2064,2064,training_new\Dessert\225.jpg,Dessert
2831,2831,training_new\Dessert\916.jpg,Dessert
1594,1594,training_new\Dessert\1151.jpg,Dessert
2799,2799,training_new\Dessert\888.jpg,Dessert
2589,2589,training_new\Dessert\699.jpg,Dessert
2757,2757,training_new\Dessert\85.jpg,Dessert
2517,2517,training_new\Dessert\633.jpg,Dessert
2513,2513,training_new\Dessert\63.jpg,Dessert
2075,2075,training_new\Dessert\235.jpg,Dessert
1454,1454,training_new\Dessert\1025.jpg,Dessert
2666,2666,training_new\Dessert\768.jpg,Dessert
1786,1786,training_new\Dessert\1324.jpg,Dessert
2649,2649,training_new\Dessert\752.jpg,Dessert
2750,2750,training_new\Dessert\843.jpg,Dessert
2736,2736,training_new\Dessert\830.jpg,Dessert
2263,2263,training_new\Dessert\404.jpg,Dessert
1668,1668,training_new\Dessert\1218.jpg,Dessert
2782,2782,training_new\Dessert\872.jpg,Dessert
2127,2127,training_new\Dessert\282.jpg,Dessert
1514,1514,training_new\Dessert\108.jpg,Dessert
2803,2803,training_new\Dessert\891.jpg,Dessert
2884,2884,training_new\Dessert\964.jpg,Dessert
1768,1768,training_new\Dessert\1308.jpg,Dessert
1530,1530,training_new\Dessert\1094.jpg,Dessert
2563,2563,training_new\Dessert\675.jpg,Dessert
1705,1705,training_new\Dessert\1251.jpg,Dessert
2325,2325,training_new\Dessert\460.jpg,Dessert
2636,2636,training_new\Dessert\740.jpg,Dessert
2182,2182,training_new\Dessert\331.jpg,Dessert
2913,2913,training_new\Dessert\990.jpg,Dessert
2595,2595,training_new\Dessert\703.jpg,Dessert
2166,2166,training_new\Dessert\317.jpg,Dessert
2373,2373,training_new\Dessert\503.jpg,Dessert
1583,1583,training_new\Dessert\1141.jpg,Dessert
3107,3107,training_new\Egg\264.jpg,Egg
3779,3779,training_new\Egg\87.jpg,Egg
3600,3600,training_new\Egg\708.jpg,Egg
3606,3606,training_new\Egg\713.jpg,Egg
3544,3544,training_new\Egg\658.jpg,Egg
3655,3655,training_new\Egg\758.jpg,Egg
2974,2974,training_new\Egg\144.jpg,Egg
3762,3762,training_new\Egg\854.jpg,Egg
3548,3548,training_new\Egg\661.jpg,Egg
3023,3023,training_new\Egg\189.jpg,Egg
3373,3373,training_new\Egg\503.jpg,Egg
3599,3599,training_new\Egg\707.jpg,Egg
3100,3100,training_new\Egg\258.jpg,Egg
3730,3730,training_new\Egg\825.jpg,Egg
3817,3817,training_new\Egg\903.jpg,Egg
3774,3774,training_new\Egg\865.jpg,Egg
3248,3248,training_new\Egg\391.jpg,Egg
3128,3128,training_new\Egg\283.jpg,Egg
3728,3728,training_new\Egg\823.jpg,Egg
3330,3330,training_new\Egg\465.jpg,Egg
3116,3116,training_new\Egg\272.jpg,Egg
3571,3571,training_new\Egg\682.jpg,Egg
3890,3890,training_new\Egg\97.jpg,Egg
3098,3098,training_new\Egg\256.jpg,Egg
3706,3706,training_new\Egg\803.jpg,Egg
2988,2988,training_new\Egg\157.jpg,Egg
3640,3640,training_new\Egg\744.jpg,Egg
3489,3489,training_new\Egg\608.jpg,Egg
3570,3570,training_new\Egg\681.jpg,Egg
3903,3903,training_new\Egg\981.jpg,Egg
3259,3259,training_new\Egg\400.jpg,Egg
3820,3820,training_new\Egg\906.jpg,Egg
3731,3731,training_new\Egg\826.jpg,Egg
3786,3786,training_new\Egg\876.jpg,Egg
3249,3249,training_new\Egg\392.jpg,Egg
3110,3110,training_new\Egg\267.jpg,Egg
3718,3718,training_new\Egg\814.jpg,Egg
3484,3484,training_new\Egg\603.jpg,Egg
3591,3591,training_new\Egg\70.jpg,Egg
3018,3018,training_new\Egg\184.jpg,Egg
3223,3223,training_new\Egg\369.jpg,Egg
3297,3297,training_new\Egg\435.jpg,Egg
3189,3189,training_new\Egg\338.jpg,Egg
3062,3062,training_new\Egg\223.jpg,Egg
3065,3065,training_new\Egg\226.jpg,Egg
3689,3689,training_new\Egg\789.jpg,Egg
3871,3871,training_new\Egg\952.jpg,Egg
3240,3240,training_new\Egg\384.jpg,Egg
3354,3354,training_new\Egg\487.jpg,Egg
3040,3040,training_new\Egg\203.jpg,Egg
3633,3633,training_new\Egg\738.jpg,Egg
3720,3720,training_new\Egg\816.jpg,Egg
3179,3179,training_new\Egg\329.jpg,Egg
3384,3384,training_new\Egg\513.jpg,Egg
3298,3298,training_new\Egg\436.jpg,Egg
3260,3260,training_new\Egg\401.jpg,Egg
3232,3232,training_new\Egg\377.jpg,Egg
3061,3061,training_new\Egg\222.jpg,Egg
3559,3559,training_new\Egg\671.jpg,Egg
3193,3193,training_new\Egg\341.jpg,Egg
3258,3258,training_new\Egg\40.jpg,Egg
3144,3144,training_new\Egg\298.jpg,Egg
3209,3209,training_new\Egg\356.jpg,Egg
3135,3135,training_new\Egg\29.jpg,Egg
3290,3290,training_new\Egg\429.jpg,Egg
3148,3148,training_new\Egg\300.jpg,Egg
3239,3239,training_new\Egg\383.jpg,Egg
3452,3452,training_new\Egg\575.jpg,Egg
3724,3724,training_new\Egg\82.jpg,Egg
3224,3224,training_new\Egg\37.jpg,Egg
3254,3254,training_new\Egg\397.jpg,Egg
2969,2969,training_new\Egg\14.jpg,Egg
3582,3582,training_new\Egg\692.jpg,Egg
3084,3084,training_new\Egg\243.jpg,Egg
3208,3208,training_new\Egg\355.jpg,Egg
3407,3407,training_new\Egg\534.jpg,Egg
3200,3200,training_new\Egg\348.jpg,Egg
3824,3824,training_new\Egg\91.jpg,Egg
2975,2975,training_new\Egg\145.jpg,Egg
3651,3651,training_new\Egg\754.jpg,Egg
3819,3819,training_new\Egg\905.jpg,Egg
3430,3430,training_new\Egg\555.jpg,Egg
3434,3434,training_new\Egg\559.jpg,Egg
3210,3210,training_new\Egg\357.jpg,Egg
3312,3312,training_new\Egg\449.jpg,Egg
3524,3524,training_new\Egg\64.jpg,Egg
3643,3643,training_new\Egg\747.jpg,Egg
3605,3605,training_new\Egg\712.jpg,Egg
3613,3613,training_new\Egg\72.jpg,Egg
3091,3091,training_new\Egg\25.jpg,Egg
3409,3409,training_new\Egg\536.jpg,Egg
3360,3360,training_new\Egg\492.jpg,Egg
3745,3745,training_new\Egg\839.jpg,Egg
3319,3319,training_new\Egg\455.jpg,Egg
3695,3695,training_new\Egg\794.jpg,Egg
3359,3359,training_new\Egg\491.jpg,Egg
3750,3750,training_new\Egg\843.jpg,Egg
3436,3436,training_new\Egg\560.jpg,Egg
2978,2978,training_new\Egg\148.jpg,Egg
2925,2925,training_new\Egg\10.jpg,Egg
3547,3547,training_new\Egg\660.jpg,Egg
2991,2991,training_new\Egg\16.jpg,Egg
3245,3245,training_new\Egg\389.jpg,Egg
3003,3003,training_new\Egg\170.jpg,Egg
3665,3665,training_new\Egg\767.jpg,Egg
2944,2944,training_new\Egg\117.jpg,Egg
3191,3191,training_new\Egg\34.jpg,Egg
3440,3440,training_new\Egg\564.jpg,Egg
3331,3331,training_new\Egg\466.jpg,Egg
3804,3804,training_new\Egg\892.jpg,Egg
3052,3052,training_new\Egg\214.jpg,Egg
3376,3376,training_new\Egg\506.jpg,Egg
3309,3309,training_new\Egg\446.jpg,Egg
3710,3710,training_new\Egg\807.jpg,Egg
3755,3755,training_new\Egg\848.jpg,Egg
3833,3833,training_new\Egg\918.jpg,Egg
3277,3277,training_new\Egg\417.jpg,Egg
3349,3349,training_new\Egg\482.jpg,Egg
3658,3658,training_new\Egg\760.jpg,Egg
2996,2996,training_new\Egg\164.jpg,Egg
3519,3519,training_new\Egg\635.jpg,Egg
2924,2924,training_new\Egg\1.jpg,Egg
3383,3383,training_new\Egg\512.jpg,Egg
3472,3472,training_new\Egg\593.jpg,Egg
3611,3611,training_new\Egg\718.jpg,Egg
3692,3692,training_new\Egg\791.jpg,Egg
3026,3026,training_new\Egg\191.jpg,Egg
3202,3202,training_new\Egg\35.jpg,Egg
3641,3641,training_new\Egg\745.jpg,Egg
3030,3030,training_new\Egg\195.jpg,Egg
3204,3204,training_new\Egg\351.jpg,Egg
2997,2997,training_new\Egg\165.jpg,Egg
3607,3607,training_new\Egg\714.jpg,Egg
3758,3758,training_new\Egg\850.jpg,Egg
3195,3195,training_new\Egg\343.jpg,Egg
3268,3268,training_new\Egg\409.jpg,Egg
3617,3617,training_new\Egg\723.jpg,Egg
2953,2953,training_new\Egg\125.jpg,Egg
3371,3371,training_new\Egg\501.jpg,Egg
3247,3247,training_new\Egg\390.jpg,Egg
3197,3197,training_new\Egg\345.jpg,Egg
3388,3388,training_new\Egg\517.jpg,Egg
3106,3106,training_new\Egg\263.jpg,Egg
3427,3427,training_new\Egg\552.jpg,Egg
3352,3352,training_new\Egg\485.jpg,Egg
3822,3822,training_new\Egg\908.jpg,Egg
3028,3028,training_new\Egg\193.jpg,Egg
3494,3494,training_new\Egg\612.jpg,Egg
3759,3759,training_new\Egg\851.jpg,Egg
3511,3511,training_new\Egg\628.jpg,Egg
3909,3909,training_new\Fried food\0.jpg,Fried food
4022,4022,training_new\Fried food\20.jpg,Fried food
4184,4184,training_new\Fried food\346.jpg,Fried food
4148,4148,training_new\Fried food\313.jpg,Fried food
4721,4721,training_new\Fried food\83.jpg,Fried food
4030,4030,training_new\Fried food\207.jpg,Fried food
4225,4225,training_new\Fried food\383.jpg,Fried food
4482,4482,training_new\Fried food\614.jpg,Fried food
4044,4044,training_new\Fried food\22.jpg,Fried food
4243,4243,training_new\Fried food\4.jpg,Fried food
4026,4026,training_new\Fried food\203.jpg,Fried food
4739,4739,training_new\Fried food\846.jpg,Fried food
4745,4745,training_new\Fried food\89.jpg,Fried food
4020,4020,training_new\Fried food\199.jpg,Fried food
4107,4107,training_new\Fried food\277.jpg,Fried food
4234,4234,training_new\Fried food\391.jpg,Fried food
4125,4125,training_new\Fried food\293.jpg,Fried food
4091,4091,training_new\Fried food\262.jpg,Fried food
4160,4160,training_new\Fried food\324.jpg,Fried food
4670,4670,training_new\Fried food\784.jpg,Fried food
4233,4233,training_new\Fried food\390.jpg,Fried food
4170,4170,training_new\Fried food\333.jpg,Fried food
4119,4119,training_new\Fried food\288.jpg,Fried food
3953,3953,training_new\Fried food\138.jpg,Fried food
4032,4032,training_new\Fried food\209.jpg,Fried food
4663,4663,training_new\Fried food\778.jpg,Fried food
4076,4076,training_new\Fried food\249.jpg,Fried food
4556,4556,training_new\Fried food\681.jpg,Fried food
4321,4321,training_new\Fried food\47.jpg,Fried food
3968,3968,training_new\Fried food\151.jpg,Fried food
4505,4505,training_new\Fried food\635.jpg,Fried food
4281,4281,training_new\Fried food\433.jpg,Fried food
3956,3956,training_new\Fried food\140.jpg,Fried food
4436,4436,training_new\Fried food\573.jpg,Fried food
4432,4432,training_new\Fried food\57.jpg,Fried food
4493,4493,training_new\Fried food\624.jpg,Fried food
4131,4131,training_new\Fried food\299.jpg,Fried food
3996,3996,training_new\Fried food\177.jpg,Fried food
4388,4388,training_new\Fried food\53.jpg,Fried food
4384,4384,training_new\Fried food\526.jpg,Fried food
4190,4190,training_new\Fried food\351.jpg,Fried food
3917,3917,training_new\Fried food\105.jpg,Fried food
4029,4029,training_new\Fried food\206.jpg,Fried food
4542,4542,training_new\Fried food\669.jpg,Fried food
3938,3938,training_new\Fried food\124.jpg,Fried food
4096,4096,training_new\Fried food\267.jpg,Fried food
4481,4481,training_new\Fried food\613.jpg,Fried food
4058,4058,training_new\Fried food\232.jpg,Fried food
4677,4677,training_new\Fried food\790.jpg,Fried food
4146,4146,training_new\Fried food\311.jpg,Fried food
4701,4701,training_new\Fried food\811.jpg,Fried food
4377,4377,training_new\Fried food\52.jpg,Fried food
4627,4627,training_new\Fried food\745.jpg,Fried food
4696,4696,training_new\Fried food\807.jpg,Fried food
4382,4382,training_new\Fried food\524.jpg,Fried food
4622,4622,training_new\Fried food\740.jpg,Fried food
4453,4453,training_new\Fried food\589.jpg,Fried food
4265,4265,training_new\Fried food\419.jpg,Fried food
4389,4389,training_new\Fried food\530.jpg,Fried food
4289,4289,training_new\Fried food\440.jpg,Fried food
4665,4665,training_new\Fried food\78.jpg,Fried food
4681,4681,training_new\Fried food\794.jpg,Fried food
4135,4135,training_new\Fried food\301.jpg,Fried food
4605,4605,training_new\Fried food\725.jpg,Fried food
4643,4643,training_new\Fried food\76.jpg,Fried food
4285,4285,training_new\Fried food\437.jpg,Fried food
4288,4288,training_new\Fried food\44.jpg,Fried food
4457,4457,training_new\Fried food\592.jpg,Fried food
4511,4511,training_new\Fried food\640.jpg,Fried food
4390,4390,training_new\Fried food\531.jpg,Fried food
4428,4428,training_new\Fried food\566.jpg,Fried food
4456,4456,training_new\Fried food\591.jpg,Fried food
4526,4526,training_new\Fried food\654.jpg,Fried food
4560,4560,training_new\Fried food\685.jpg,Fried food
4081,4081,training_new\Fried food\253.jpg,Fried food
4319,4319,training_new\Fried food\468.jpg,Fried food
4053,4053,training_new\Fried food\228.jpg,Fried food
4705,4705,training_new\Fried food\815.jpg,Fried food
4149,4149,training_new\Fried food\314.jpg,Fried food
4279,4279,training_new\Fried food\431.jpg,Fried food
4141,4141,training_new\Fried food\307.jpg,Fried food
4469,4469,training_new\Fried food\602.jpg,Fried food
4201,4201,training_new\Fried food\361.jpg,Fried food
4370,4370,training_new\Fried food\513.jpg,Fried food
4128,4128,training_new\Fried food\296.jpg,Fried food
4351,4351,training_new\Fried food\497.jpg,Fried food
4722,4722,training_new\Fried food\830.jpg,Fried food
4304,4304,training_new\Fried food\454.jpg,Fried food
4697,4697,training_new\Fried food\808.jpg,Fried food
4451,4451,training_new\Fried food\587.jpg,Fried food
3919,3919,training_new\Fried food\107.jpg,Fried food
4061,4061,training_new\Fried food\235.jpg,Fried food
4502,4502,training_new\Fried food\632.jpg,Fried food
4512,4512,training_new\Fried food\641.jpg,Fried food
3910,3910,training_new\Fried food\1.jpg,Fried food
4692,4692,training_new\Fried food\803.jpg,Fried food
4489,4489,training_new\Fried food\620.jpg,Fried food
4362,4362,training_new\Fried food\506.jpg,Fried food
4357,4357,training_new\Fried food\501.jpg,Fried food
4254,4254,training_new\Fried food\409.jpg,Fried food
4676,4676,training_new\Fried food\79.jpg,Fried food
4183,4183,training_new\Fried food\345.jpg,Fried food
4615,4615,training_new\Fried food\734.jpg,Fried food
4467,4467,training_new\Fried food\600.jpg,Fried food
4088,4088,training_new\Fried food\26.jpg,Fried food
4509,4509,training_new\Fried food\639.jpg,Fried food
4268,4268,training_new\Fried food\421.jpg,Fried food
4396,4396,training_new\Fried food\537.jpg,Fried food
4253,4253,training_new\Fried food\408.jpg,Fried food
4359,4359,training_new\Fried food\503.jpg,Fried food
3958,3958,training_new\Fried food\142.jpg,Fried food
4713,4713,training_new\Fried food\822.jpg,Fried food
4361,4361,training_new\Fried food\505.jpg,Fried food
4504,4504,training_new\Fried food\634.jpg,Fried food
4171,4171,training_new\Fried food\334.jpg,Fried food
4644,4644,training_new\Fried food\760.jpg,Fried food
3922,3922,training_new\Fried food\11.jpg,Fried food
4016,4016,training_new\Fried food\195.jpg,Fried food
4536,4536,training_new\Fried food\663.jpg,Fried food
3937,3937,training_new\Fried food\123.jpg,Fried food
4575,4575,training_new\Fried food\699.jpg,Fried food
4159,4159,training_new\Fried food\323.jpg,Fried food
4311,4311,training_new\Fried food\460.jpg,Fried food
4049,4049,training_new\Fried food\224.jpg,Fried food
3918,3918,training_new\Fried food\106.jpg,Fried food
4295,4295,training_new\Fried food\446.jpg,Fried food
4545,4545,training_new\Fried food\671.jpg,Fried food
3959,3959,training_new\Fried food\143.jpg,Fried food
4646,4646,training_new\Fried food\762.jpg,Fried food
3931,3931,training_new\Fried food\118.jpg,Fried food
4298,4298,training_new\Fried food\449.jpg,Fried food
4476,4476,training_new\Fried food\609.jpg,Fried food
4071,4071,training_new\Fried food\244.jpg,Fried food
4339,4339,training_new\Fried food\486.jpg,Fried food
4236,4236,training_new\Fried food\393.jpg,Fried food
4087,4087,training_new\Fried food\259.jpg,Fried food
4594,4594,training_new\Fried food\715.jpg,Fried food
4550,4550,training_new\Fried food\676.jpg,Fried food
4527,4527,training_new\Fried food\655.jpg,Fried food
4079,4079,training_new\Fried food\251.jpg,Fried food
4521,4521,training_new\Fried food\65.jpg,Fried food
4639,4639,training_new\Fried food\756.jpg,Fried food
4177,4177,training_new\Fried food\34.jpg,Fried food
4708,4708,training_new\Fried food\818.jpg,Fried food
4500,4500,training_new\Fried food\630.jpg,Fried food
4514,4514,training_new\Fried food\643.jpg,Fried food
4730,4730,training_new\Fried food\838.jpg,Fried food
4322,4322,training_new\Fried food\470.jpg,Fried food
4139,4139,training_new\Fried food\305.jpg,Fried food
4264,4264,training_new\Fried food\418.jpg,Fried food
5023,5023,training_new\Meat\1237.jpg,Meat
6002,6002,training_new\Meat\927.jpg,Meat
5793,5793,training_new\Meat\739.jpg,Meat
6004,6004,training_new\Meat\929.jpg,Meat
5848,5848,training_new\Meat\789.jpg,Meat
5166,5166,training_new\Meat\174.jpg,Meat
5563,5563,training_new\Meat\531.jpg,Meat
5329,5329,training_new\Meat\320.jpg,Meat
5940,5940,training_new\Meat\871.jpg,Meat
4971,4971,training_new\Meat\1190.jpg,Meat
5566,5566,training_new\Meat\534.jpg,Meat
5515,5515,training_new\Meat\489.jpg,Meat
5501,5501,training_new\Meat\476.jpg,Meat
4914,4914,training_new\Meat\1139.jpg,Meat
5082,5082,training_new\Meat\1290.jpg,Meat
5471,5471,training_new\Meat\449.jpg,Meat
5281,5281,training_new\Meat\278.jpg,Meat
5939,5939,training_new\Meat\870.jpg,Meat
6045,6045,training_new\Meat\966.jpg,Meat
5851,5851,training_new\Meat\791.jpg,Meat
5128,5128,training_new\Meat\14.jpg,Meat
5982,5982,training_new\Meat\909.jpg,Meat
4903,4903,training_new\Meat\1129.jpg,Meat
5483,5483,training_new\Meat\46.jpg,Meat
5302,5302,training_new\Meat\297.jpg,Meat
5918,5918,training_new\Meat\851.jpg,Meat
5601,5601,training_new\Meat\566.jpg,Meat
5496,5496,training_new\Meat\471.jpg,Meat
5291,5291,training_new\Meat\287.jpg,Meat
4868,4868,training_new\Meat\1098.jpg,Meat
5027,5027,training_new\Meat\1240.jpg,Meat
5700,5700,training_new\Meat\655.jpg,Meat
4824,4824,training_new\Meat\1058.jpg,Meat
5498,5498,training_new\Meat\473.jpg,Meat
5564,5564,training_new\Meat\532.jpg,Meat
5152,5152,training_new\Meat\161.jpg,Meat
5653,5653,training_new\Meat\612.jpg,Meat
5868,5868,training_new\Meat\806.jpg,Meat
5262,5262,training_new\Meat\260.jpg,Meat
5984,5984,training_new\Meat\910.jpg,Meat
5044,5044,training_new\Meat\1256.jpg,Meat
5861,5861,training_new\Meat\80.jpg,Meat
5802,5802,training_new\Meat\747.jpg,Meat
5090,5090,training_new\Meat\1298.jpg,Meat
4772,4772,training_new\Meat\1010.jpg,Meat
5791,5791,training_new\Meat\737.jpg,Meat
5581,5581,training_new\Meat\548.jpg,Meat
5357,5357,training_new\Meat\346.jpg,Meat
4844,4844,training_new\Meat\1076.jpg,Meat
5095,5095,training_new\Meat\1301.jpg,Meat
4861,4861,training_new\Meat\1091.jpg,Meat
4886,4886,training_new\Meat\1113.jpg,Meat
5618,5618,training_new\Meat\581.jpg,Meat
4834,4834,training_new\Meat\1067.jpg,Meat
5596,5596,training_new\Meat\561.jpg,Meat
5337,5337,training_new\Meat\328.jpg,Meat
5494,5494,training_new\Meat\47.jpg,Meat
4992,4992,training_new\Meat\1209.jpg,Meat
5970,5970,training_new\Meat\899.jpg,Meat
4925,4925,training_new\Meat\1149.jpg,Meat
5640,5640,training_new\Meat\600.jpg,Meat
5575,5575,training_new\Meat\542.jpg,Meat
5279,5279,training_new\Meat\276.jpg,Meat
5341,5341,training_new\Meat\331.jpg,Meat
5502,5502,training_new\Meat\477.jpg,Meat
4951,4951,training_new\Meat\1172.jpg,Meat
5931,5931,training_new\Meat\863.jpg,Meat
5367,5367,training_new\Meat\355.jpg,Meat
5677,5677,training_new\Meat\634.jpg,Meat
5314,5314,training_new\Meat\307.jpg,Meat
4839,4839,training_new\Meat\1071.jpg,Meat
5707,5707,training_new\Meat\661.jpg,Meat
5888,5888,training_new\Meat\824.jpg,Meat
6019,6019,training_new\Meat\942.jpg,Meat
6013,6013,training_new\Meat\937.jpg,Meat
5540,5540,training_new\Meat\510.jpg,Meat
5654,5654,training_new\Meat\613.jpg,Meat
4882,4882,training_new\Meat\111.jpg,Meat
5057,5057,training_new\Meat\1268.jpg,Meat
5089,5089,training_new\Meat\1297.jpg,Meat
4847,4847,training_new\Meat\1079.jpg,Meat
5159,5159,training_new\Meat\168.jpg,Meat
5323,5323,training_new\Meat\315.jpg,Meat
4979,4979,training_new\Meat\1198.jpg,Meat
5436,5436,training_new\Meat\417.jpg,Meat
4987,4987,training_new\Meat\1204.jpg,Meat
5717,5717,training_new\Meat\670.jpg,Meat
5268,5268,training_new\Meat\266.jpg,Meat
5528,5528,training_new\Meat\50.jpg,Meat
5955,5955,training_new\Meat\885.jpg,Meat
5311,5311,training_new\Meat\304.jpg,Meat
5257,5257,training_new\Meat\256.jpg,Meat
5297,5297,training_new\Meat\292.jpg,Meat
5253,5253,training_new\Meat\252.jpg,Meat
5395,5395,training_new\Meat\380.jpg,Meat
5349,5349,training_new\Meat\339.jpg,Meat
5872,5872,training_new\Meat\81.jpg,Meat
5637,5637,training_new\Meat\599.jpg,Meat
5990,5990,training_new\Meat\916.jpg,Meat
4788,4788,training_new\Meat\1025.jpg,Meat
4989,4989,training_new\Meat\1206.jpg,Meat
5744,5744,training_new\Meat\695.jpg,Meat
5536,5536,training_new\Meat\507.jpg,Meat
5370,5370,training_new\Meat\358.jpg,Meat
5867,5867,training_new\Meat\805.jpg,Meat
5827,5827,training_new\Meat\77.jpg,Meat
5059,5059,training_new\Meat\127.jpg,Meat
5873,5873,training_new\Meat\810.jpg,Meat
4871,4871,training_new\Meat\110.jpg,Meat
5420,5420,training_new\Meat\402.jpg,Meat
5375,5375,training_new\Meat\362.jpg,Meat
5659,5659,training_new\Meat\618.jpg,Meat
5810,5810,training_new\Meat\754.jpg,Meat
5847,5847,training_new\Meat\788.jpg,Meat
6079,6079,training_new\Meat\997.jpg,Meat
5768,5768,training_new\Meat\716.jpg,Meat
5686,5686,training_new\Meat\642.jpg,Meat
6008,6008,training_new\Meat\932.jpg,Meat
5830,5830,training_new\Meat\772.jpg,Meat
5586,5586,training_new\Meat\552.jpg,Meat
5026,5026,training_new\Meat\124.jpg,Meat
6034,6034,training_new\Meat\956.jpg,Meat
5541,5541,training_new\Meat\511.jpg,Meat
5429,5429,training_new\Meat\410.jpg,Meat
5192,5192,training_new\Meat\198.jpg,Meat
5880,5880,training_new\Meat\817.jpg,Meat
5441,5441,training_new\Meat\421.jpg,Meat
5930,5930,training_new\Meat\862.jpg,Meat
5629,5629,training_new\Meat\591.jpg,Meat
5030,5030,training_new\Meat\1243.jpg,Meat
5266,5266,training_new\Meat\264.jpg,Meat
6074,6074,training_new\Meat\992.jpg,Meat
5343,5343,training_new\Meat\333.jpg,Meat
5669,5669,training_new\Meat\627.jpg,Meat
5085,5085,training_new\Meat\1293.jpg,Meat
5904,5904,training_new\Meat\839.jpg,Meat
5317,5317,training_new\Meat\31.jpg,Meat
5258,5258,training_new\Meat\257.jpg,Meat
5047,5047,training_new\Meat\1259.jpg,Meat
5366,5366,training_new\Meat\354.jpg,Meat
5896,5896,training_new\Meat\831.jpg,Meat
5743,5743,training_new\Meat\694.jpg,Meat
4761,4761,training_new\Meat\1000.jpg,Meat
5185,5185,training_new\Meat\191.jpg,Meat
6025,6025,training_new\Meat\948.jpg,Meat
4805,4805,training_new\Meat\1040.jpg,Meat
5181,5181,training_new\Meat\188.jpg,Meat
5263,5263,training_new\Meat\261.jpg,Meat
5018,5018,training_new\Meat\1232.jpg,Meat
6060,6060,training_new\Meat\98.jpg,Meat
6140,6140,training_new\Noodles-Pasta\150.jpg,Noodles-Pasta
6443,6443,training_new\Noodles-Pasta\423.jpg,Noodles-Pasta
6092,6092,training_new\Noodles-Pasta\107.jpg,Noodles-Pasta
6311,6311,training_new\Noodles-Pasta\304.jpg,Noodles-Pasta
6221,6221,training_new\Noodles-Pasta\223.jpg,Noodles-Pasta
6163,6163,training_new\Noodles-Pasta\171.jpg,Noodles-Pasta
6436,6436,training_new\Noodles-Pasta\417.jpg,Noodles-Pasta
6229,6229,training_new\Noodles-Pasta\230.jpg,Noodles-Pasta
6394,6394,training_new\Noodles-Pasta\38.jpg,Noodles-Pasta
6279,6279,training_new\Noodles-Pasta\276.jpg,Noodles-Pasta
6226,6226,training_new\Noodles-Pasta\228.jpg,Noodles-Pasta
6270,6270,training_new\Noodles-Pasta\268.jpg,Noodles-Pasta
6107,6107,training_new\Noodles-Pasta\120.jpg,Noodles-Pasta
6246,6246,training_new\Noodles-Pasta\246.jpg,Noodles-Pasta
6282,6282,training_new\Noodles-Pasta\279.jpg,Noodles-Pasta
6176,6176,training_new\Noodles-Pasta\183.jpg,Noodles-Pasta
6255,6255,training_new\Noodles-Pasta\254.jpg,Noodles-Pasta
6150,6150,training_new\Noodles-Pasta\16.jpg,Noodles-Pasta
6266,6266,training_new\Noodles-Pasta\264.jpg,Noodles-Pasta
6381,6381,training_new\Noodles-Pasta\368.jpg,Noodles-Pasta
6164,6164,training_new\Noodles-Pasta\172.jpg,Noodles-Pasta
6400,6400,training_new\Noodles-Pasta\385.jpg,Noodles-Pasta
6318,6318,training_new\Noodles-Pasta\310.jpg,Noodles-Pasta
6508,6508,training_new\Noodles-Pasta\87.jpg,Noodles-Pasta
6329,6329,training_new\Noodles-Pasta\320.jpg,Noodles-Pasta
6430,6430,training_new\Noodles-Pasta\411.jpg,Noodles-Pasta
6408,6408,training_new\Noodles-Pasta\392.jpg,Noodles-Pasta
6423,6423,training_new\Noodles-Pasta\405.jpg,Noodles-Pasta
6314,6314,training_new\Noodles-Pasta\307.jpg,Noodles-Pasta
6392,6392,training_new\Noodles-Pasta\378.jpg,Noodles-Pasta
6348,6348,training_new\Noodles-Pasta\338.jpg,Noodles-Pasta
6304,6304,training_new\Noodles-Pasta\299.jpg,Noodles-Pasta
6300,6300,training_new\Noodles-Pasta\295.jpg,Noodles-Pasta
6349,6349,training_new\Noodles-Pasta\339.jpg,Noodles-Pasta
6094,6094,training_new\Noodles-Pasta\109.jpg,Noodles-Pasta
6236,6236,training_new\Noodles-Pasta\237.jpg,Noodles-Pasta
6462,6462,training_new\Noodles-Pasta\45.jpg,Noodles-Pasta
6433,6433,training_new\Noodles-Pasta\414.jpg,Noodles-Pasta
6130,6130,training_new\Noodles-Pasta\141.jpg,Noodles-Pasta
6090,6090,training_new\Noodles-Pasta\105.jpg,Noodles-Pasta
6448,6448,training_new\Noodles-Pasta\428.jpg,Noodles-Pasta
6097,6097,training_new\Noodles-Pasta\111.jpg,Noodles-Pasta
6402,6402,training_new\Noodles-Pasta\387.jpg,Noodles-Pasta
6428,6428,training_new\Noodles-Pasta\41.jpg,Noodles-Pasta
6142,6142,training_new\Noodles-Pasta\152.jpg,Noodles-Pasta
6263,6263,training_new\Noodles-Pasta\261.jpg,Noodles-Pasta
6230,6230,training_new\Noodles-Pasta\231.jpg,Noodles-Pasta
6307,6307,training_new\Noodles-Pasta\300.jpg,Noodles-Pasta
6477,6477,training_new\Noodles-Pasta\59.jpg,Noodles-Pasta
6126,6126,training_new\Noodles-Pasta\138.jpg,Noodles-Pasta
6257,6257,training_new\Noodles-Pasta\256.jpg,Noodles-Pasta
6103,6103,training_new\Noodles-Pasta\117.jpg,Noodles-Pasta
6225,6225,training_new\Noodles-Pasta\227.jpg,Noodles-Pasta
6438,6438,training_new\Noodles-Pasta\419.jpg,Noodles-Pasta
6416,6416,training_new\Noodles-Pasta\4.jpg,Noodles-Pasta
6111,6111,training_new\Noodles-Pasta\124.jpg,Noodles-Pasta
6192,6192,training_new\Noodles-Pasta\198.jpg,Noodles-Pasta
6096,6096,training_new\Noodles-Pasta\110.jpg,Noodles-Pasta
6223,6223,training_new\Noodles-Pasta\225.jpg,Noodles-Pasta
6456,6456,training_new\Noodles-Pasta\435.jpg,Noodles-Pasta
6283,6283,training_new\Noodles-Pasta\28.jpg,Noodles-Pasta
6216,6216,training_new\Noodles-Pasta\219.jpg,Noodles-Pasta
6510,6510,training_new\Noodles-Pasta\89.jpg,Noodles-Pasta
6341,6341,training_new\Noodles-Pasta\331.jpg,Noodles-Pasta
6136,6136,training_new\Noodles-Pasta\147.jpg,Noodles-Pasta
6269,6269,training_new\Noodles-Pasta\267.jpg,Noodles-Pasta
6175,6175,training_new\Noodles-Pasta\182.jpg,Noodles-Pasta
6454,6454,training_new\Noodles-Pasta\433.jpg,Noodles-Pasta
6342,6342,training_new\Noodles-Pasta\332.jpg,Noodles-Pasta
6224,6224,training_new\Noodles-Pasta\226.jpg,Noodles-Pasta
6518,6518,training_new\Noodles-Pasta\96.jpg,Noodles-Pasta
6306,6306,training_new\Noodles-Pasta\30.jpg,Noodles-Pasta
6425,6425,training_new\Noodles-Pasta\407.jpg,Noodles-Pasta
6502,6502,training_new\Noodles-Pasta\81.jpg,Noodles-Pasta
6488,6488,training_new\Noodles-Pasta\69.jpg,Noodles-Pasta
6254,6254,training_new\Noodles-Pasta\253.jpg,Noodles-Pasta
6214,6214,training_new\Noodles-Pasta\217.jpg,Noodles-Pasta
6158,6158,training_new\Noodles-Pasta\167.jpg,Noodles-Pasta
6183,6183,training_new\Noodles-Pasta\19.jpg,Noodles-Pasta
6082,6082,training_new\Noodles-Pasta\0.jpg,Noodles-Pasta
6312,6312,training_new\Noodles-Pasta\305.jpg,Noodles-Pasta
6460,6460,training_new\Noodles-Pasta\439.jpg,Noodles-Pasta
6218,6218,training_new\Noodles-Pasta\220.jpg,Noodles-Pasta
6390,6390,training_new\Noodles-Pasta\376.jpg,Noodles-Pasta
6101,6101,training_new\Noodles-Pasta\115.jpg,Noodles-Pasta
6153,6153,training_new\Noodles-Pasta\162.jpg,Noodles-Pasta
6465,6465,training_new\Noodles-Pasta\48.jpg,Noodles-Pasta
6165,6165,training_new\Noodles-Pasta\173.jpg,Noodles-Pasta
6162,6162,training_new\Noodles-Pasta\170.jpg,Noodles-Pasta
6213,6213,training_new\Noodles-Pasta\216.jpg,Noodles-Pasta
6490,6490,training_new\Noodles-Pasta\70.jpg,Noodles-Pasta
6110,6110,training_new\Noodles-Pasta\123.jpg,Noodles-Pasta
6435,6435,training_new\Noodles-Pasta\416.jpg,Noodles-Pasta
6461,6461,training_new\Noodles-Pasta\44.jpg,Noodles-Pasta
6496,6496,training_new\Noodles-Pasta\76.jpg,Noodles-Pasta
6380,6380,training_new\Noodles-Pasta\367.jpg,Noodles-Pasta
6231,6231,training_new\Noodles-Pasta\232.jpg,Noodles-Pasta
6242,6242,training_new\Noodles-Pasta\242.jpg,Noodles-Pasta
6104,6104,training_new\Noodles-Pasta\118.jpg,Noodles-Pasta
6455,6455,training_new\Noodles-Pasta\434.jpg,Noodles-Pasta
6324,6324,training_new\Noodles-Pasta\316.jpg,Noodles-Pasta
6427,6427,training_new\Noodles-Pasta\409.jpg,Noodles-Pasta
6327,6327,training_new\Noodles-Pasta\319.jpg,Noodles-Pasta
6091,6091,training_new\Noodles-Pasta\106.jpg,Noodles-Pasta
6295,6295,training_new\Noodles-Pasta\290.jpg,Noodles-Pasta
6196,6196,training_new\Noodles-Pasta\200.jpg,Noodles-Pasta
6515,6515,training_new\Noodles-Pasta\93.jpg,Noodles-Pasta
6133,6133,training_new\Noodles-Pasta\144.jpg,Noodles-Pasta
6499,6499,training_new\Noodles-Pasta\79.jpg,Noodles-Pasta
6343,6343,training_new\Noodles-Pasta\333.jpg,Noodles-Pasta
6495,6495,training_new\Noodles-Pasta\75.jpg,Noodles-Pasta
6345,6345,training_new\Noodles-Pasta\335.jpg,Noodles-Pasta
6441,6441,training_new\Noodles-Pasta\421.jpg,Noodles-Pasta
6330,6330,training_new\Noodles-Pasta\321.jpg,Noodles-Pasta
6362,6362,training_new\Noodles-Pasta\350.jpg,Noodles-Pasta
6367,6367,training_new\Noodles-Pasta\355.jpg,Noodles-Pasta
6446,6446,training_new\Noodles-Pasta\426.jpg,Noodles-Pasta
6344,6344,training_new\Noodles-Pasta\334.jpg,Noodles-Pasta
6404,6404,training_new\Noodles-Pasta\389.jpg,Noodles-Pasta
6437,6437,training_new\Noodles-Pasta\418.jpg,Noodles-Pasta
6379,6379,training_new\Noodles-Pasta\366.jpg,Noodles-Pasta
6119,6119,training_new\Noodles-Pasta\131.jpg,Noodles-Pasta
6319,6319,training_new\Noodles-Pasta\311.jpg,Noodles-Pasta
6413,6413,training_new\Noodles-Pasta\397.jpg,Noodles-Pasta
6268,6268,training_new\Noodles-Pasta\266.jpg,Noodles-Pasta
6161,6161,training_new\Noodles-Pasta\17.jpg,Noodles-Pasta
6276,6276,training_new\Noodles-Pasta\273.jpg,Noodles-Pasta
6355,6355,training_new\Noodles-Pasta\344.jpg,Noodles-Pasta
6245,6245,training_new\Noodles-Pasta\245.jpg,Noodles-Pasta
6326,6326,training_new\Noodles-Pasta\318.jpg,Noodles-Pasta
6422,6422,training_new\Noodles-Pasta\404.jpg,Noodles-Pasta
6155,6155,training_new\Noodles-Pasta\164.jpg,Noodles-Pasta
6182,6182,training_new\Noodles-Pasta\189.jpg,Noodles-Pasta
6159,6159,training_new\Noodles-Pasta\168.jpg,Noodles-Pasta
6193,6193,training_new\Noodles-Pasta\199.jpg,Noodles-Pasta
6227,6227,training_new\Noodles-Pasta\229.jpg,Noodles-Pasta
6149,6149,training_new\Noodles-Pasta\159.jpg,Noodles-Pasta
6147,6147,training_new\Noodles-Pasta\157.jpg,Noodles-Pasta
6235,6235,training_new\Noodles-Pasta\236.jpg,Noodles-Pasta
6424,6424,training_new\Noodles-Pasta\406.jpg,Noodles-Pasta
6127,6127,training_new\Noodles-Pasta\139.jpg,Noodles-Pasta
6335,6335,training_new\Noodles-Pasta\326.jpg,Noodles-Pasta
6474,6474,training_new\Noodles-Pasta\56.jpg,Noodles-Pasta
6116,6116,training_new\Noodles-Pasta\129.jpg,Noodles-Pasta
6234,6234,training_new\Noodles-Pasta\235.jpg,Noodles-Pasta
6105,6105,training_new\Noodles-Pasta\119.jpg,Noodles-Pasta
6212,6212,training_new\Noodles-Pasta\215.jpg,Noodles-Pasta
6222,6222,training_new\Noodles-Pasta\224.jpg,Noodles-Pasta
6498,6498,training_new\Noodles-Pasta\78.jpg,Noodles-Pasta
6449,6449,training_new\Noodles-Pasta\429.jpg,Noodles-Pasta
6563,6563,training_new\Rice\135.jpg,Rice
6765,6765,training_new\Rice\66.jpg,Rice
6791,6791,training_new\Rice\9.jpg,Rice
6660,6660,training_new\Rice\222.jpg,Rice
6638,6638,training_new\Rice\202.jpg,Rice
6607,6607,training_new\Rice\175.jpg,Rice
6585,6585,training_new\Rice\155.jpg,Rice
6545,6545,training_new\Rice\119.jpg,Rice
6597,6597,training_new\Rice\166.jpg,Rice
6751,6751,training_new\Rice\53.jpg,Rice
6559,6559,training_new\Rice\131.jpg,Rice
6616,6616,training_new\Rice\183.jpg,Rice
6667,6667,training_new\Rice\229.jpg,Rice
6595,6595,training_new\Rice\164.jpg,Rice
6577,6577,training_new\Rice\148.jpg,Rice
6704,6704,training_new\Rice\262.jpg,Rice
6773,6773,training_new\Rice\73.jpg,Rice
6764,6764,training_new\Rice\65.jpg,Rice
6678,6678,training_new\Rice\239.jpg,Rice
6540,6540,training_new\Rice\114.jpg,Rice
6681,6681,training_new\Rice\241.jpg,Rice
6671,6671,training_new\Rice\232.jpg,Rice
6725,6725,training_new\Rice\3.jpg,Rice
6631,6631,training_new\Rice\197.jpg,Rice
6692,6692,training_new\Rice\251.jpg,Rice
6551,6551,training_new\Rice\124.jpg,Rice
6549,6549,training_new\Rice\122.jpg,Rice
6698,6698,training_new\Rice\257.jpg,Rice
6527,6527,training_new\Rice\102.jpg,Rice
6652,6652,training_new\Rice\215.jpg,Rice
6646,6646,training_new\Rice\21.jpg,Rice
6524,6524,training_new\Rice\10.jpg,Rice
6625,6625,training_new\Rice\191.jpg,Rice
6770,6770,training_new\Rice\70.jpg,Rice
6762,6762,training_new\Rice\63.jpg,Rice
6750,6750,training_new\Rice\52.jpg,Rice
6623,6623,training_new\Rice\19.jpg,Rice
6775,6775,training_new\Rice\75.jpg,Rice
6696,6696,training_new\Rice\255.jpg,Rice
6552,6552,training_new\Rice\125.jpg,Rice
6724,6724,training_new\Rice\29.jpg,Rice
6741,6741,training_new\Rice\44.jpg,Rice
6655,6655,training_new\Rice\218.jpg,Rice
6651,6651,training_new\Rice\214.jpg,Rice
6772,6772,training_new\Rice\72.jpg,Rice
6643,6643,training_new\Rice\207.jpg,Rice
6537,6537,training_new\Rice\111.jpg,Rice
6786,6786,training_new\Rice\85.jpg,Rice
6633,6633,training_new\Rice\199.jpg,Rice
6662,6662,training_new\Rice\224.jpg,Rice
6727,6727,training_new\Rice\31.jpg,Rice
6629,6629,training_new\Rice\195.jpg,Rice
6550,6550,training_new\Rice\123.jpg,Rice
6706,6706,training_new\Rice\264.jpg,Rice
6555,6555,training_new\Rice\128.jpg,Rice
6562,6562,training_new\Rice\134.jpg,Rice
6794,6794,training_new\Rice\92.jpg,Rice
6694,6694,training_new\Rice\253.jpg,Rice
6731,6731,training_new\Rice\35.jpg,Rice
6737,6737,training_new\Rice\40.jpg,Rice
6708,6708,training_new\Rice\266.jpg,Rice
6693,6693,training_new\Rice\252.jpg,Rice
6688,6688,training_new\Rice\248.jpg,Rice
6679,6679,training_new\Rice\24.jpg,Rice
6753,6753,training_new\Rice\55.jpg,Rice
6581,6581,training_new\Rice\151.jpg,Rice
6746,6746,training_new\Rice\49.jpg,Rice
6533,6533,training_new\Rice\108.jpg,Rice
6744,6744,training_new\Rice\47.jpg,Rice
6556,6556,training_new\Rice\129.jpg,Rice
6580,6580,training_new\Rice\150.jpg,Rice
6673,6673,training_new\Rice\234.jpg,Rice
6700,6700,training_new\Rice\259.jpg,Rice
6795,6795,training_new\Rice\93.jpg,Rice
6714,6714,training_new\Rice\271.jpg,Rice
6637,6637,training_new\Rice\201.jpg,Rice
6594,6594,training_new\Rice\163.jpg,Rice
6785,6785,training_new\Rice\84.jpg,Rice
6705,6705,training_new\Rice\263.jpg,Rice
6790,6790,training_new\Rice\89.jpg,Rice
6733,6733,training_new\Rice\37.jpg,Rice
6745,6745,training_new\Rice\48.jpg,Rice
6560,6560,training_new\Rice\132.jpg,Rice
6579,6579,training_new\Rice\15.jpg,Rice
6691,6691,training_new\Rice\250.jpg,Rice
6799,6799,training_new\Rice\97.jpg,Rice
6614,6614,training_new\Rice\181.jpg,Rice
6634,6634,training_new\Rice\2.jpg,Rice
6654,6654,training_new\Rice\217.jpg,Rice
6659,6659,training_new\Rice\221.jpg,Rice
6675,6675,training_new\Rice\236.jpg,Rice
6684,6684,training_new\Rice\244.jpg,Rice
6599,6599,training_new\Rice\168.jpg,Rice
6639,6639,training_new\Rice\203.jpg,Rice
6763,6763,training_new\Rice\64.jpg,Rice
6718,6718,training_new\Rice\275.jpg,Rice
6674,6674,training_new\Rice\235.jpg,Rice
6749,6749,training_new\Rice\51.jpg,Rice
6593,6593,training_new\Rice\162.jpg,Rice
6743,6743,training_new\Rice\46.jpg,Rice
6611,6611,training_new\Rice\179.jpg,Rice
6522,6522,training_new\Rice\0.jpg,Rice
6582,6582,training_new\Rice\152.jpg,Rice
6602,6602,training_new\Rice\170.jpg,Rice
6726,6726,training_new\Rice\30.jpg,Rice
6620,6620,training_new\Rice\187.jpg,Rice
6656,6656,training_new\Rice\219.jpg,Rice
6541,6541,training_new\Rice\115.jpg,Rice
6632,6632,training_new\Rice\198.jpg,Rice
6680,6680,training_new\Rice\240.jpg,Rice
6548,6548,training_new\Rice\121.jpg,Rice
6566,6566,training_new\Rice\138.jpg,Rice
6665,6665,training_new\Rice\227.jpg,Rice
6732,6732,training_new\Rice\36.jpg,Rice
6669,6669,training_new\Rice\230.jpg,Rice
6645,6645,training_new\Rice\209.jpg,Rice
6636,6636,training_new\Rice\200.jpg,Rice
6658,6658,training_new\Rice\220.jpg,Rice
6591,6591,training_new\Rice\160.jpg,Rice
6758,6758,training_new\Rice\6.jpg,Rice
6801,6801,training_new\Rice\99.jpg,Rice
6768,6768,training_new\Rice\69.jpg,Rice
6621,6621,training_new\Rice\188.jpg,Rice
6557,6557,training_new\Rice\13.jpg,Rice
6561,6561,training_new\Rice\133.jpg,Rice
6635,6635,training_new\Rice\20.jpg,Rice
6543,6543,training_new\Rice\117.jpg,Rice
6778,6778,training_new\Rice\78.jpg,Rice
6715,6715,training_new\Rice\272.jpg,Rice
6653,6653,training_new\Rice\216.jpg,Rice
6532,6532,training_new\Rice\107.jpg,Rice
6668,6668,training_new\Rice\23.jpg,Rice
6564,6564,training_new\Rice\136.jpg,Rice
6534,6534,training_new\Rice\109.jpg,Rice
6605,6605,training_new\Rice\173.jpg,Rice
6777,6777,training_new\Rice\77.jpg,Rice
6531,6531,training_new\Rice\106.jpg,Rice
6647,6647,training_new\Rice\210.jpg,Rice
6716,6716,training_new\Rice\273.jpg,Rice
6722,6722,training_new\Rice\279.jpg,Rice
6752,6752,training_new\Rice\54.jpg,Rice
6755,6755,training_new\Rice\57.jpg,Rice
6565,6565,training_new\Rice\137.jpg,Rice
6606,6606,training_new\Rice\174.jpg,Rice
6721,6721,training_new\Rice\278.jpg,Rice
6697,6697,training_new\Rice\256.jpg,Rice
6622,6622,training_new\Rice\189.jpg,Rice
6713,6713,training_new\Rice\270.jpg,Rice
6710,6710,training_new\Rice\268.jpg,Rice
6748,6748,training_new\Rice\50.jpg,Rice
6949,6949,training_new\Seafood\230.jpg,Seafood
7426,7426,training_new\Seafood\660.jpg,Seafood
7582,7582,training_new\Seafood\800.jpg,Seafood
7514,7514,training_new\Seafood\74.jpg,Seafood
7037,7037,training_new\Seafood\31.jpg,Seafood
7398,7398,training_new\Seafood\635.jpg,Seafood
7288,7288,training_new\Seafood\536.jpg,Seafood
7315,7315,training_new\Seafood\560.jpg,Seafood
7529,7529,training_new\Seafood\753.jpg,Seafood
7456,7456,training_new\Seafood\688.jpg,Seafood
7265,7265,training_new\Seafood\515.jpg,Seafood
6839,6839,training_new\Seafood\131.jpg,Seafood
7428,7428,training_new\Seafood\662.jpg,Seafood
6929,6929,training_new\Seafood\212.jpg,Seafood
7228,7228,training_new\Seafood\482.jpg,Seafood
6837,6837,training_new\Seafood\13.jpg,Seafood
7654,7654,training_new\Seafood\97.jpg,Seafood
7017,7017,training_new\Seafood\292.jpg,Seafood
7621,7621,training_new\Seafood\836.jpg,Seafood
7121,7121,training_new\Seafood\386.jpg,Seafood
7308,7308,training_new\Seafood\554.jpg,Seafood
7575,7575,training_new\Seafood\795.jpg,Seafood
7327,7327,training_new\Seafood\571.jpg,Seafood
7231,7231,training_new\Seafood\485.jpg,Seafood
7479,7479,training_new\Seafood\708.jpg,Seafood
7014,7014,training_new\Seafood\29.jpg,Seafood
7407,7407,training_new\Seafood\643.jpg,Seafood
7391,7391,training_new\Seafood\629.jpg,Seafood
7073,7073,training_new\Seafood\342.jpg,Seafood
7341,7341,training_new\Seafood\584.jpg,Seafood
7297,7297,training_new\Seafood\544.jpg,Seafood
7170,7170,training_new\Seafood\43.jpg,Seafood
6862,6862,training_new\Seafood\152.jpg,Seafood
7345,7345,training_new\Seafood\588.jpg,Seafood
7216,7216,training_new\Seafood\471.jpg,Seafood
7176,7176,training_new\Seafood\435.jpg,Seafood
7318,7318,training_new\Seafood\563.jpg,Seafood
7493,7493,training_new\Seafood\720.jpg,Seafood
7366,7366,training_new\Seafood\606.jpg,Seafood
7328,7328,training_new\Seafood\572.jpg,Seafood
7545,7545,training_new\Seafood\768.jpg,Seafood
6899,6899,training_new\Seafood\186.jpg,Seafood
6977,6977,training_new\Seafood\256.jpg,Seafood
6984,6984,training_new\Seafood\262.jpg,Seafood
6867,6867,training_new\Seafood\157.jpg,Seafood
6891,6891,training_new\Seafood\179.jpg,Seafood
7209,7209,training_new\Seafood\465.jpg,Seafood
7207,7207,training_new\Seafood\463.jpg,Seafood
7642,7642,training_new\Seafood\86.jpg,Seafood
7334,7334,training_new\Seafood\578.jpg,Seafood
7326,7326,training_new\Seafood\570.jpg,Seafood
7303,7303,training_new\Seafood\55.jpg,Seafood
7500,7500,training_new\Seafood\727.jpg,Seafood
7110,7110,training_new\Seafood\376.jpg,Seafood
7248,7248,training_new\Seafood\50.jpg,Seafood
7061,7061,training_new\Seafood\331.jpg,Seafood
7107,7107,training_new\Seafood\373.jpg,Seafood
7067,7067,training_new\Seafood\337.jpg,Seafood
7104,7104,training_new\Seafood\370.jpg,Seafood
7564,7564,training_new\Seafood\785.jpg,Seafood
7509,7509,training_new\Seafood\735.jpg,Seafood
7321,7321,training_new\Seafood\566.jpg,Seafood
7135,7135,training_new\Seafood\399.jpg,Seafood
7199,7199,training_new\Seafood\456.jpg,Seafood
7138,7138,training_new\Seafood\400.jpg,Seafood
7337,7337,training_new\Seafood\580.jpg,Seafood
7286,7286,training_new\Seafood\534.jpg,Seafood
7071,7071,training_new\Seafood\340.jpg,Seafood
7419,7419,training_new\Seafood\654.jpg,Seafood
6843,6843,training_new\Seafood\135.jpg,Seafood
6861,6861,training_new\Seafood\151.jpg,Seafood
7383,7383,training_new\Seafood\621.jpg,Seafood
7174,7174,training_new\Seafood\433.jpg,Seafood
7591,7591,training_new\Seafood\809.jpg,Seafood
7523,7523,training_new\Seafood\748.jpg,Seafood
7198,7198,training_new\Seafood\455.jpg,Seafood
6878,6878,training_new\Seafood\167.jpg,Seafood
7239,7239,training_new\Seafood\492.jpg,Seafood
7526,7526,training_new\Seafood\750.jpg,Seafood
7583,7583,training_new\Seafood\801.jpg,Seafood
6818,6818,training_new\Seafood\112.jpg,Seafood
7081,7081,training_new\Seafood\35.jpg,Seafood
6803,6803,training_new\Seafood\1.jpg,Seafood
7379,7379,training_new\Seafood\618.jpg,Seafood
7440,7440,training_new\Seafood\673.jpg,Seafood
7543,7543,training_new\Seafood\766.jpg,Seafood
7166,7166,training_new\Seafood\426.jpg,Seafood
7005,7005,training_new\Seafood\281.jpg,Seafood
7522,7522,training_new\Seafood\747.jpg,Seafood
7183,7183,training_new\Seafood\441.jpg,Seafood
7103,7103,training_new\Seafood\37.jpg,Seafood
7062,7062,training_new\Seafood\332.jpg,Seafood
7644,7644,training_new\Seafood\88.jpg,Seafood
7618,7618,training_new\Seafood\833.jpg,Seafood
7363,7363,training_new\Seafood\603.jpg,Seafood
6941,6941,training_new\Seafood\223.jpg,Seafood
7600,7600,training_new\Seafood\817.jpg,Seafood
7290,7290,training_new\Seafood\538.jpg,Seafood
7343,7343,training_new\Seafood\586.jpg,Seafood
7490,7490,training_new\Seafood\718.jpg,Seafood
7020,7020,training_new\Seafood\295.jpg,Seafood
7009,7009,training_new\Seafood\285.jpg,Seafood
7641,7641,training_new\Seafood\854.jpg,Seafood
7252,7252,training_new\Seafood\503.jpg,Seafood
6948,6948,training_new\Seafood\23.jpg,Seafood
7262,7262,training_new\Seafood\512.jpg,Seafood
6869,6869,training_new\Seafood\159.jpg,Seafood
7322,7322,training_new\Seafood\567.jpg,Seafood
7046,7046,training_new\Seafood\318.jpg,Seafood
7360,7360,training_new\Seafood\600.jpg,Seafood
7256,7256,training_new\Seafood\507.jpg,Seafood
7408,7408,training_new\Seafood\644.jpg,Seafood
6879,6879,training_new\Seafood\168.jpg,Seafood
7293,7293,training_new\Seafood\540.jpg,Seafood
7540,7540,training_new\Seafood\763.jpg,Seafood
6904,6904,training_new\Seafood\190.jpg,Seafood
7173,7173,training_new\Seafood\432.jpg,Seafood
7392,7392,training_new\Seafood\63.jpg,Seafood
7626,7626,training_new\Seafood\840.jpg,Seafood
7063,7063,training_new\Seafood\333.jpg,Seafood
7384,7384,training_new\Seafood\622.jpg,Seafood
7133,7133,training_new\Seafood\397.jpg,Seafood
7615,7615,training_new\Seafood\830.jpg,Seafood
7101,7101,training_new\Seafood\368.jpg,Seafood
7571,7571,training_new\Seafood\791.jpg,Seafood
7382,7382,training_new\Seafood\620.jpg,Seafood
7002,7002,training_new\Seafood\279.jpg,Seafood
7566,7566,training_new\Seafood\787.jpg,Seafood
7319,7319,training_new\Seafood\564.jpg,Seafood
7157,7157,training_new\Seafood\418.jpg,Seafood
7271,7271,training_new\Seafood\520.jpg,Seafood
7549,7549,training_new\Seafood\771.jpg,Seafood
6876,6876,training_new\Seafood\165.jpg,Seafood
7072,7072,training_new\Seafood\341.jpg,Seafood
7048,7048,training_new\Seafood\32.jpg,Seafood
7163,7163,training_new\Seafood\423.jpg,Seafood
6990,6990,training_new\Seafood\268.jpg,Seafood
6997,6997,training_new\Seafood\274.jpg,Seafood
7280,7280,training_new\Seafood\529.jpg,Seafood
6881,6881,training_new\Seafood\17.jpg,Seafood
6908,6908,training_new\Seafood\194.jpg,Seafood
7624,7624,training_new\Seafood\839.jpg,Seafood
7584,7584,training_new\Seafood\802.jpg,Seafood
6987,6987,training_new\Seafood\265.jpg,Seafood
7623,7623,training_new\Seafood\838.jpg,Seafood
6942,6942,training_new\Seafood\224.jpg,Seafood
7137,7137,training_new\Seafood\40.jpg,Seafood
6823,6823,training_new\Seafood\117.jpg,Seafood
7452,7452,training_new\Seafood\684.jpg,Seafood
7495,7495,training_new\Seafood\722.jpg,Seafood
8966,8966,training_new\Soup\827.jpg,Soup
8760,8760,training_new\Soup\641.jpg,Soup
8812,8812,training_new\Soup\689.jpg,Soup
9138,9138,training_new\Soup\982.jpg,Soup
9153,9153,training_new\Soup\996.jpg,Soup
8341,8341,training_new\Soup\264.jpg,Soup
8369,8369,training_new\Soup\29.jpg,Soup
7825,7825,training_new\Soup\1149.jpg,Soup
8644,8644,training_new\Soup\537.jpg,Soup
8643,8643,training_new\Soup\536.jpg,Soup
8988,8988,training_new\Soup\847.jpg,Soup
8231,8231,training_new\Soup\165.jpg,Soup
8184,8184,training_new\Soup\1472.jpg,Soup
8285,8285,training_new\Soup\213.jpg,Soup
7835,7835,training_new\Soup\1158.jpg,Soup
8158,8158,training_new\Soup\1449.jpg,Soup
7934,7934,training_new\Soup\1247.jpg,Soup
9089,9089,training_new\Soup\938.jpg,Soup
9042,9042,training_new\Soup\896.jpg,Soup
8045,8045,training_new\Soup\1347.jpg,Soup
8463,8463,training_new\Soup\374.jpg,Soup
8039,8039,training_new\Soup\1341.jpg,Soup
7964,7964,training_new\Soup\1274.jpg,Soup
8833,8833,training_new\Soup\707.jpg,Soup
8926,8926,training_new\Soup\791.jpg,Soup
8279,8279,training_new\Soup\208.jpg,Soup
8392,8392,training_new\Soup\31.jpg,Soup
8044,8044,training_new\Soup\1346.jpg,Soup
7865,7865,training_new\Soup\1185.jpg,Soup
8191,8191,training_new\Soup\1479.jpg,Soup
8755,8755,training_new\Soup\637.jpg,Soup
9098,9098,training_new\Soup\946.jpg,Soup
8751,8751,training_new\Soup\633.jpg,Soup
8530,8530,training_new\Soup\434.jpg,Soup
8001,8001,training_new\Soup\1307.jpg,Soup
9067,9067,training_new\Soup\918.jpg,Soup
7792,7792,training_new\Soup\1119.jpg,Soup
8496,8496,training_new\Soup\403.jpg,Soup
8906,8906,training_new\Soup\773.jpg,Soup
8631,8631,training_new\Soup\525.jpg,Soup
8617,8617,training_new\Soup\512.jpg,Soup
9139,9139,training_new\Soup\983.jpg,Soup
8567,8567,training_new\Soup\468.jpg,Soup
8095,8095,training_new\Soup\1392.jpg,Soup
9036,9036,training_new\Soup\890.jpg,Soup
8375,8375,training_new\Soup\295.jpg,Soup
8222,8222,training_new\Soup\157.jpg,Soup
8729,8729,training_new\Soup\613.jpg,Soup
8527,8527,training_new\Soup\431.jpg,Soup
7896,7896,training_new\Soup\1212.jpg,Soup
8835,8835,training_new\Soup\709.jpg,Soup
8503,8503,training_new\Soup\41.jpg,Soup
8387,8387,training_new\Soup\305.jpg,Soup
8876,8876,training_new\Soup\746.jpg,Soup
8858,8858,training_new\Soup\73.jpg,Soup
8245,8245,training_new\Soup\178.jpg,Soup
7879,7879,training_new\Soup\1198.jpg,Soup
9023,9023,training_new\Soup\879.jpg,Soup
9082,9082,training_new\Soup\931.jpg,Soup
8922,8922,training_new\Soup\788.jpg,Soup
7661,7661,training_new\Soup\1000.jpg,Soup
8102,8102,training_new\Soup\1399.jpg,Soup
7769,7769,training_new\Soup\1099.jpg,Soup
8213,8213,training_new\Soup\1499.jpg,Soup
9024,9024,training_new\Soup\88.jpg,Soup
8019,8019,training_new\Soup\1323.jpg,Soup
8908,8908,training_new\Soup\775.jpg,Soup
8344,8344,training_new\Soup\267.jpg,Soup
7709,7709,training_new\Soup\1044.jpg,Soup
8623,8623,training_new\Soup\518.jpg,Soup
8749,8749,training_new\Soup\631.jpg,Soup
8331,8331,training_new\Soup\255.jpg,Soup
8454,8454,training_new\Soup\366.jpg,Soup
8905,8905,training_new\Soup\772.jpg,Soup
8023,8023,training_new\Soup\1327.jpg,Soup
8909,8909,training_new\Soup\776.jpg,Soup
8069,8069,training_new\Soup\1369.jpg,Soup
8185,8185,training_new\Soup\1473.jpg,Soup
7931,7931,training_new\Soup\1244.jpg,Soup
7828,7828,training_new\Soup\1151.jpg,Soup
8880,8880,training_new\Soup\75.jpg,Soup
7884,7884,training_new\Soup\1201.jpg,Soup
8996,8996,training_new\Soup\854.jpg,Soup
8886,8886,training_new\Soup\755.jpg,Soup
8261,8261,training_new\Soup\192.jpg,Soup
8733,8733,training_new\Soup\617.jpg,Soup
8575,8575,training_new\Soup\475.jpg,Soup
8003,8003,training_new\Soup\1309.jpg,Soup
8759,8759,training_new\Soup\640.jpg,Soup
8425,8425,training_new\Soup\34.jpg,Soup
8969,8969,training_new\Soup\83.jpg,Soup
8682,8682,training_new\Soup\571.jpg,Soup
8898,8898,training_new\Soup\766.jpg,Soup
7834,7834,training_new\Soup\1157.jpg,Soup
8343,8343,training_new\Soup\266.jpg,Soup
8002,8002,training_new\Soup\1308.jpg,Soup
8614,8614,training_new\Soup\51.jpg,Soup
8259,8259,training_new\Soup\190.jpg,Soup
9001,9001,training_new\Soup\859.jpg,Soup
8573,8573,training_new\Soup\473.jpg,Soup
8061,8061,training_new\Soup\1361.jpg,Soup
8936,8936,training_new\Soup\80.jpg,Soup
7973,7973,training_new\Soup\1282.jpg,Soup
9013,9013,training_new\Soup\87.jpg,Soup
8619,8619,training_new\Soup\514.jpg,Soup
8492,8492,training_new\Soup\40.jpg,Soup
8244,8244,training_new\Soup\177.jpg,Soup
8370,8370,training_new\Soup\290.jpg,Soup
8318,8318,training_new\Soup\243.jpg,Soup
8339,8339,training_new\Soup\262.jpg,Soup
8577,8577,training_new\Soup\477.jpg,Soup
8186,8186,training_new\Soup\1474.jpg,Soup
8796,8796,training_new\Soup\674.jpg,Soup
8535,8535,training_new\Soup\439.jpg,Soup
8801,8801,training_new\Soup\679.jpg,Soup
8104,8104,training_new\Soup\140.jpg,Soup
8558,8558,training_new\Soup\46.jpg,Soup
7829,7829,training_new\Soup\1152.jpg,Soup
8466,8466,training_new\Soup\377.jpg,Soup
8789,8789,training_new\Soup\668.jpg,Soup
7787,7787,training_new\Soup\1114.jpg,Soup
7830,7830,training_new\Soup\1153.jpg,Soup
8485,8485,training_new\Soup\394.jpg,Soup
8412,8412,training_new\Soup\328.jpg,Soup
8949,8949,training_new\Soup\811.jpg,Soup
8401,8401,training_new\Soup\318.jpg,Soup
8070,8070,training_new\Soup\137.jpg,Soup
7945,7945,training_new\Soup\1257.jpg,Soup
8243,8243,training_new\Soup\176.jpg,Soup
8368,8368,training_new\Soup\289.jpg,Soup
8566,8566,training_new\Soup\467.jpg,Soup
7768,7768,training_new\Soup\1098.jpg,Soup
8539,8539,training_new\Soup\442.jpg,Soup
7799,7799,training_new\Soup\1125.jpg,Soup
8376,8376,training_new\Soup\296.jpg,Soup
8136,8136,training_new\Soup\1429.jpg,Soup
8383,8383,training_new\Soup\301.jpg,Soup
7737,7737,training_new\Soup\107.jpg,Soup
8607,8607,training_new\Soup\503.jpg,Soup
7821,7821,training_new\Soup\1145.jpg,Soup
7744,7744,training_new\Soup\1076.jpg,Soup
8253,8253,training_new\Soup\185.jpg,Soup
9017,9017,training_new\Soup\873.jpg,Soup
9124,9124,training_new\Soup\97.jpg,Soup
8895,8895,training_new\Soup\763.jpg,Soup
8290,8290,training_new\Soup\218.jpg,Soup
8564,8564,training_new\Soup\465.jpg,Soup
8140,8140,training_new\Soup\1432.jpg,Soup
9112,9112,training_new\Soup\959.jpg,Soup
7889,7889,training_new\Soup\1206.jpg,Soup
9431,9431,training_new\Vegetable-Fruit\345.jpg,Vegetable-Fruit
9343,9343,training_new\Vegetable-Fruit\266.jpg,Vegetable-Fruit
9612,9612,training_new\Vegetable-Fruit\508.jpg,Vegetable-Fruit
9356,9356,training_new\Vegetable-Fruit\278.jpg,Vegetable-Fruit
9689,9689,training_new\Vegetable-Fruit\578.jpg,Vegetable-Fruit
9776,9776,training_new\Vegetable-Fruit\656.jpg,Vegetable-Fruit
9751,9751,training_new\Vegetable-Fruit\633.jpg,Vegetable-Fruit
9421,9421,training_new\Vegetable-Fruit\336.jpg,Vegetable-Fruit
9161,9161,training_new\Vegetable-Fruit\101.jpg,Vegetable-Fruit
9333,9333,training_new\Vegetable-Fruit\257.jpg,Vegetable-Fruit
9243,9243,training_new\Vegetable-Fruit\176.jpg,Vegetable-Fruit
9765,9765,training_new\Vegetable-Fruit\646.jpg,Vegetable-Fruit
9485,9485,training_new\Vegetable-Fruit\394.jpg,Vegetable-Fruit
9768,9768,training_new\Vegetable-Fruit\649.jpg,Vegetable-Fruit
9630,9630,training_new\Vegetable-Fruit\524.jpg,Vegetable-Fruit
9817,9817,training_new\Vegetable-Fruit\693.jpg,Vegetable-Fruit
9503,9503,training_new\Vegetable-Fruit\41.jpg,Vegetable-Fruit
9492,9492,training_new\Vegetable-Fruit\40.jpg,Vegetable-Fruit
9220,9220,training_new\Vegetable-Fruit\155.jpg,Vegetable-Fruit
9819,9819,training_new\Vegetable-Fruit\695.jpg,Vegetable-Fruit
9576,9576,training_new\Vegetable-Fruit\476.jpg,Vegetable-Fruit
9544,9544,training_new\Vegetable-Fruit\447.jpg,Vegetable-Fruit
9802,9802,training_new\Vegetable-Fruit\68.jpg,Vegetable-Fruit
9279,9279,training_new\Vegetable-Fruit\208.jpg,Vegetable-Fruit
9286,9286,training_new\Vegetable-Fruit\214.jpg,Vegetable-Fruit
9473,9473,training_new\Vegetable-Fruit\383.jpg,Vegetable-Fruit
9555,9555,training_new\Vegetable-Fruit\457.jpg,Vegetable-Fruit
9190,9190,training_new\Vegetable-Fruit\128.jpg,Vegetable-Fruit
9374,9374,training_new\Vegetable-Fruit\294.jpg,Vegetable-Fruit
9659,9659,training_new\Vegetable-Fruit\550.jpg,Vegetable-Fruit
9239,9239,training_new\Vegetable-Fruit\172.jpg,Vegetable-Fruit
9703,9703,training_new\Vegetable-Fruit\590.jpg,Vegetable-Fruit
9692,9692,training_new\Vegetable-Fruit\580.jpg,Vegetable-Fruit
9610,9610,training_new\Vegetable-Fruit\506.jpg,Vegetable-Fruit
9436,9436,training_new\Vegetable-Fruit\35.jpg,Vegetable-Fruit
9857,9857,training_new\Vegetable-Fruit\91.jpg,Vegetable-Fruit
9340,9340,training_new\Vegetable-Fruit\263.jpg,Vegetable-Fruit
9571,9571,training_new\Vegetable-Fruit\471.jpg,Vegetable-Fruit
9822,9822,training_new\Vegetable-Fruit\698.jpg,Vegetable-Fruit
9168,9168,training_new\Vegetable-Fruit\108.jpg,Vegetable-Fruit
9456,9456,training_new\Vegetable-Fruit\368.jpg,Vegetable-Fruit
9510,9510,training_new\Vegetable-Fruit\416.jpg,Vegetable-Fruit
9403,9403,training_new\Vegetable-Fruit\32.jpg,Vegetable-Fruit
9793,9793,training_new\Vegetable-Fruit\671.jpg,Vegetable-Fruit
9664,9664,training_new\Vegetable-Fruit\555.jpg,Vegetable-Fruit
9624,9624,training_new\Vegetable-Fruit\519.jpg,Vegetable-Fruit
9742,9742,training_new\Vegetable-Fruit\625.jpg,Vegetable-Fruit
9508,9508,training_new\Vegetable-Fruit\414.jpg,Vegetable-Fruit
9672,9672,training_new\Vegetable-Fruit\562.jpg,Vegetable-Fruit
9479,9479,training_new\Vegetable-Fruit\389.jpg,Vegetable-Fruit
9206,9206,training_new\Vegetable-Fruit\142.jpg,Vegetable-Fruit
9861,9861,training_new\Vegetable-Fruit\95.jpg,Vegetable-Fruit
9412,9412,training_new\Vegetable-Fruit\328.jpg,Vegetable-Fruit
9643,9643,training_new\Vegetable-Fruit\536.jpg,Vegetable-Fruit
9370,9370,training_new\Vegetable-Fruit\290.jpg,Vegetable-Fruit
9398,9398,training_new\Vegetable-Fruit\315.jpg,Vegetable-Fruit
9165,9165,training_new\Vegetable-Fruit\105.jpg,Vegetable-Fruit
9538,9538,training_new\Vegetable-Fruit\441.jpg,Vegetable-Fruit
9484,9484,training_new\Vegetable-Fruit\393.jpg,Vegetable-Fruit
9566,9566,training_new\Vegetable-Fruit\467.jpg,Vegetable-Fruit
9238,9238,training_new\Vegetable-Fruit\171.jpg,Vegetable-Fruit
9465,9465,training_new\Vegetable-Fruit\376.jpg,Vegetable-Fruit
9694,9694,training_new\Vegetable-Fruit\582.jpg,Vegetable-Fruit
9414,9414,training_new\Vegetable-Fruit\33.jpg,Vegetable-Fruit
9771,9771,training_new\Vegetable-Fruit\651.jpg,Vegetable-Fruit
9563,9563,training_new\Vegetable-Fruit\464.jpg,Vegetable-Fruit
9678,9678,training_new\Vegetable-Fruit\568.jpg,Vegetable-Fruit
9157,9157,training_new\Vegetable-Fruit\0.jpg,Vegetable-Fruit
9860,9860,training_new\Vegetable-Fruit\94.jpg,Vegetable-Fruit
9745,9745,training_new\Vegetable-Fruit\628.jpg,Vegetable-Fruit
9196,9196,training_new\Vegetable-Fruit\133.jpg,Vegetable-Fruit
9355,9355,training_new\Vegetable-Fruit\277.jpg,Vegetable-Fruit
9775,9775,training_new\Vegetable-Fruit\655.jpg,Vegetable-Fruit
9259,9259,training_new\Vegetable-Fruit\190.jpg,Vegetable-Fruit
9332,9332,training_new\Vegetable-Fruit\256.jpg,Vegetable-Fruit
9572,9572,training_new\Vegetable-Fruit\472.jpg,Vegetable-Fruit
9706,9706,training_new\Vegetable-Fruit\593.jpg,Vegetable-Fruit
9731,9731,training_new\Vegetable-Fruit\615.jpg,Vegetable-Fruit
9583,9583,training_new\Vegetable-Fruit\482.jpg,Vegetable-Fruit
9423,9423,training_new\Vegetable-Fruit\338.jpg,Vegetable-Fruit
9614,9614,training_new\Vegetable-Fruit\51.jpg,Vegetable-Fruit
9375,9375,training_new\Vegetable-Fruit\295.jpg,Vegetable-Fruit
9267,9267,training_new\Vegetable-Fruit\198.jpg,Vegetable-Fruit
9550,9550,training_new\Vegetable-Fruit\452.jpg,Vegetable-Fruit
9217,9217,training_new\Vegetable-Fruit\152.jpg,Vegetable-Fruit
9569,9569,training_new\Vegetable-Fruit\47.jpg,Vegetable-Fruit
9804,9804,training_new\Vegetable-Fruit\681.jpg,Vegetable-Fruit
9790,9790,training_new\Vegetable-Fruit\669.jpg,Vegetable-Fruit
9184,9184,training_new\Vegetable-Fruit\122.jpg,Vegetable-Fruit
9665,9665,training_new\Vegetable-Fruit\556.jpg,Vegetable-Fruit
9864,9864,training_new\Vegetable-Fruit\98.jpg,Vegetable-Fruit
9758,9758,training_new\Vegetable-Fruit\64.jpg,Vegetable-Fruit
9245,9245,training_new\Vegetable-Fruit\178.jpg,Vegetable-Fruit
9166,9166,training_new\Vegetable-Fruit\106.jpg,Vegetable-Fruit
9496,9496,training_new\Vegetable-Fruit\403.jpg,Vegetable-Fruit
9400,9400,training_new\Vegetable-Fruit\317.jpg,Vegetable-Fruit
9606,9606,training_new\Vegetable-Fruit\502.jpg,Vegetable-Fruit
9335,9335,training_new\Vegetable-Fruit\259.jpg,Vegetable-Fruit
9494,9494,training_new\Vegetable-Fruit\401.jpg,Vegetable-Fruit
9652,9652,training_new\Vegetable-Fruit\544.jpg,Vegetable-Fruit
9230,9230,training_new\Vegetable-Fruit\164.jpg,Vegetable-Fruit
9701,9701,training_new\Vegetable-Fruit\589.jpg,Vegetable-Fruit
9477,9477,training_new\Vegetable-Fruit\387.jpg,Vegetable-Fruit
9562,9562,training_new\Vegetable-Fruit\463.jpg,Vegetable-Fruit
9709,9709,training_new\Vegetable-Fruit\596.jpg,Vegetable-Fruit
9792,9792,training_new\Vegetable-Fruit\670.jpg,Vegetable-Fruit
9266,9266,training_new\Vegetable-Fruit\197.jpg,Vegetable-Fruit
9761,9761,training_new\Vegetable-Fruit\642.jpg,Vegetable-Fruit
9744,9744,training_new\Vegetable-Fruit\627.jpg,Vegetable-Fruit
9530,9530,training_new\Vegetable-Fruit\434.jpg,Vegetable-Fruit
9188,9188,training_new\Vegetable-Fruit\126.jpg,Vegetable-Fruit
9283,9283,training_new\Vegetable-Fruit\211.jpg,Vegetable-Fruit
9405,9405,training_new\Vegetable-Fruit\321.jpg,Vegetable-Fruit
9653,9653,training_new\Vegetable-Fruit\545.jpg,Vegetable-Fruit
9837,9837,training_new\Vegetable-Fruit\73.jpg,Vegetable-Fruit
9549,9549,training_new\Vegetable-Fruit\451.jpg,Vegetable-Fruit
9663,9663,training_new\Vegetable-Fruit\554.jpg,Vegetable-Fruit
9609,9609,training_new\Vegetable-Fruit\505.jpg,Vegetable-Fruit
9499,9499,training_new\Vegetable-Fruit\406.jpg,Vegetable-Fruit
9749,9749,training_new\Vegetable-Fruit\631.jpg,Vegetable-Fruit
9798,9798,training_new\Vegetable-Fruit\676.jpg,Vegetable-Fruit
9185,9185,training_new\Vegetable-Fruit\123.jpg,Vegetable-Fruit
9472,9472,training_new\Vegetable-Fruit\382.jpg,Vegetable-Fruit
9847,9847,training_new\Vegetable-Fruit\82.jpg,Vegetable-Fruit
9179,9179,training_new\Vegetable-Fruit\118.jpg,Vegetable-Fruit
9451,9451,training_new\Vegetable-Fruit\363.jpg,Vegetable-Fruit
9696,9696,training_new\Vegetable-Fruit\584.jpg,Vegetable-Fruit
9811,9811,training_new\Vegetable-Fruit\688.jpg,Vegetable-Fruit
9559,9559,training_new\Vegetable-Fruit\460.jpg,Vegetable-Fruit
9721,9721,training_new\Vegetable-Fruit\606.jpg,Vegetable-Fruit
9386,9386,training_new\Vegetable-Fruit\304.jpg,Vegetable-Fruit
9691,9691,training_new\Vegetable-Fruit\58.jpg,Vegetable-Fruit
9586,9586,training_new\Vegetable-Fruit\485.jpg,Vegetable-Fruit
9284,9284,training_new\Vegetable-Fruit\212.jpg,Vegetable-Fruit
9778,9778,training_new\Vegetable-Fruit\658.jpg,Vegetable-Fruit
9626,9626,training_new\Vegetable-Fruit\520.jpg,Vegetable-Fruit
9760,9760,training_new\Vegetable-Fruit\641.jpg,Vegetable-Fruit
9254,9254,training_new\Vegetable-Fruit\186.jpg,Vegetable-Fruit
9486,9486,training_new\Vegetable-Fruit\395.jpg,Vegetable-Fruit
9795,9795,training_new\Vegetable-Fruit\673.jpg,Vegetable-Fruit
9257,9257,training_new\Vegetable-Fruit\189.jpg,Vegetable-Fruit
9671,9671,training_new\Vegetable-Fruit\561.jpg,Vegetable-Fruit
9636,9636,training_new\Vegetable-Fruit\53.jpg,Vegetable-Fruit
9342,9342,training_new\Vegetable-Fruit\265.jpg,Vegetable-Fruit
9255,9255,training_new\Vegetable-Fruit\187.jpg,Vegetable-Fruit
9548,9548,training_new\Vegetable-Fruit\450.jpg,Vegetable-Fruit
9334,9334,training_new\Vegetable-Fruit\258.jpg,Vegetable-Fruit
9389,9389,training_new\Vegetable-Fruit\307.jpg,Vegetable-Fruit
9788,9788,training_new\Vegetable-Fruit\667.jpg,Vegetable-Fruit
9433,9433,training_new\Vegetable-Fruit\347.jpg,Vegetable-Fruit
